appliance,nan,nan,nan,nan,nan,nan
nan,list of home appliance,nan,nan,nan,nan,nan
nan,tubelight,nan,nan,nan,nan,nan
nan,home appliance,nan,nan,nan,nan,nan
nan,nan,hair dryer,nan,nan,nan,nan
nan,nan,thor washing machine,nan,nan,nan,nan
nan,nan,clothes dryer,nan,nan,nan,nan
nan,nan,attic fan,nan,nan,nan,nan
nan,nan,hair iron,nan,nan,nan,nan
nan,nan,bio fireplace,nan,nan,nan,nan
nan,nan,dehumidifier,nan,nan,nan,nan
nan,nan,futon dryer,nan,nan,nan,nan
nan,nan,ceiling fan,nan,nan,nan,nan
nan,nan,home server,nan,nan,nan,nan
nan,nan,l'increvable,nan,nan,nan,nan
nan,nan,compactor,nan,nan,nan,nan
nan,nan,matchbook,nan,nan,nan,nan
nan,nan,kimatsu,nan,nan,nan,nan
nan,nan,gas appliance,nan,nan,nan,nan
nan,nan,appliance recycling,nan,nan,nan,nan
nan,nan,hvac,nan,nan,nan,nan
nan,nan,box mangle,nan,nan,nan,nan
nan,nan,window fan,nan,nan,nan,nan
nan,nan,drawer dishwasher,nan,nan,nan,nan
nan,nan,ironing,nan,nan,nan,nan
nan,nan,micathermic heater,nan,nan,nan,nan
nan,nan,rv fridge,nan,nan,nan,nan
nan,nan,water cooker,nan,nan,nan,nan
nan,nan,bachelor griller,nan,nan,nan,nan
nan,nan,rat trap,nan,nan,nan,nan
nan,nan,appliance plug,nan,nan,nan,nan
nan,nan,trouser press,nan,nan,nan,nan
nan,nan,list of home appliance,nan,nan,nan,nan
nan,nan,redhead (matches),nan,nan,nan,nan
nan,nan,kimchi refrigerator,nan,nan,nan,nan
nan,nan,dish draining closet,nan,nan,nan,nan
nan,nan,go-to-bed matchbox,nan,nan,nan,nan
nan,nan,air ioniser,nan,nan,nan,nan
nan,nan,internet digital dios,nan,nan,nan,nan
nan,nan,thermal mass refrigerator,nan,nan,nan,nan
nan,nan,salon de art ménagers,nan,nan,nan,nan
nan,nan,electrolux ankarsrum assistent,nan,nan,nan,nan
nan,nan,oil heater,nan,nan,nan,nan
nan,nan,boiler (water heating),nan,nan,nan,nan
nan,nan,katrina refrigerator,nan,nan,nan,nan
nan,nan,aroma lamp,nan,nan,nan,nan
nan,nan,garbage disposal unit,nan,nan,nan,nan
nan,nan,forced-air,nan,nan,nan,nan
nan,nan,refrigerator,nan,nan,nan,nan
nan,nan,domestic robot,nan,nan,nan,nan
nan,nan,electric water boiler,nan,nan,nan,nan
nan,nan,tie press,nan,nan,nan,nan
nan,nan,wig wag (washing machines),nan,nan,nan,nan
nan,nan,humidifier,nan,nan,nan,nan
nan,nan,patio heater,nan,nan,nan,nan
nan,nan,fan heater,nan,nan,nan,nan
nan,nan,convection heater,nan,nan,nan,nan
nan,nan,clothes iron,nan,nan,nan,nan
nan,nan,manual vacuum cleaner,nan,nan,nan,nan
nan,nan,air conditioning,nan,nan,nan,nan
nan,nan,combo washer dryer,nan,nan,nan,nan
nan,nan,sewing machine,nan,nan,nan,nan
nan,nan,fireplace,nan,nan,nan,nan
nan,nan,hspf,nan,nan,nan,nan
nan,nan,beverage opener,nan,nan,nan,nan
nan,nan,small appliance,nan,nan,nan,nan
nan,nan,major appliance,nan,nan,nan,nan
nan,nan,washing machine,nan,nan,nan,nan
nan,nan,vacuum cleaner,nan,nan,nan,nan
nan,nan,dishwasher,nan,nan,nan,nan
nan,nan,lighter,nan,nan,nan,nan
nan,nan,ecocute,nan,nan,nan,nan
nan,nan,exhaust hood,nan,nan,nan,nan
nan,nan,hob (hearth),nan,nan,nan,nan
nan,nan,can opener,nan,nan,nan,nan
nan,nan,sump pump,nan,nan,nan,nan
nan,nan,mousetrap,nan,nan,nan,nan
nan,nan,comparison of domestic robot,nan,nan,nan,nan
nan,nan,mangle (machine),nan,nan,nan,nan
nan,nan,ironman (ironing),nan,nan,nan,nan
nan,nan,back boiler,nan,nan,nan,nan
nan,nan,water heating,nan,nan,nan,nan
nan,nan,radiator (heating),nan,nan,nan,nan
nan,nan,ettridge collection,nan,nan,nan,nan
nan,nan,central vacuum cleaner,nan,nan,nan,nan
nan,nan,flame supervision device,nan,nan,nan,nan
nan,nan,internet refrigerator,nan,nan,nan,nan
nan,nan,robotic vacuum cleaner,nan,nan,nan,nan
nan,nan,icebox,nan,nan,nan,nan
management,nan,nan,nan,nan,nan,nan
nan,collaborative working,nan,nan,nan,nan,nan
nan,finance,nan,nan,nan,nan,nan
nan,knowledge management,nan,nan,nan,nan,nan
nan,auditing,nan,nan,nan,nan,nan
nan,nan,ega,nan,nan,nan,ega (disambiguation)
nan,people,nan,nan,nan,nan,nan
nan,nan,manager,nan,nan,nan,nan
nan,quality management,nan,nan,nan,nan,nan
nan,industry management,nan,nan,nan,nan,nan
nan,industrial market segmentation,nan,nan,nan,nan,nan
nan,product lifecycle management,nan,nan,nan,nan,nan
nan,distribution chain,nan,nan,nan,nan,nan
nan,strategic management,nan,nan,nan,nan,nan
nan,tool,nan,nan,nan,nan,nan
nan,nan,decision-making,nan,nan,nan,nan
nan,nan,factor analysis,nan,nan,nan,nan
nan,nan,conjoint analysis,nan,nan,nan,nan
nan,nan,questionnaire,nan,nan,nan,nan
nan,nan,benchmarking,nan,nan,nan,nan
nan,nan,performance indicator,nan,nan,nan,nan
nan,nan,nan,competition,nan,nan,nan
energy,nan,nan,nan,nan,nan,nan
nan,generation,nan,nan,nan,nan,nan
nan,nan,hydropower,nan,nan,nan,hydroelectricity
nan,nan,dynamo,nan,nan,nan,dynamo (electrical)
nan,nan,nan,nan,nan,nan,dynamo lamp
nan,nan,nan,nan,nan,nan,dynamo-electric machine
nan,nan,nan,nan,nan,nan,dynamotion
nan,nan,electrostatic generator,nan,nan,nan,electrostatic machine
nan,nan,nan,nan,nan,nan,frictional electrical machine
nan,nan,nan,nan,nan,nan,influence machine
nan,nan,nan,nan,nan,nan,influence machine
nan,nan,nan,nan,nan,nan,static-electricity generator
nan,nan,solar power,nan,nan,nan,nan
nan,nan,nan,solar panel,nan,nan,nan
environmental protection,nan,nan,nan,nan,nan,nan
nan,renewable resource,nan,nan,nan,nan,nan
nan,energy conservation,nan,nan,nan,nan,nan
nan,sustainability,nan,nan,nan,nan,nan
nan,recycling,nan,nan,nan,nan,nan
ecosystem,nan,nan,nan,nan,nan,nan
nan,waste management,nan,nan,nan,nan,nan
nan,security,nan,nan,nan,nan,nan
nan,nan,fake account,nan,nan,nan,nan
nan,pollution,nan,nan,nan,nan,nan
nan,nan,pea soup fog,nan,nan,nan,nan
nan,nan,tradable smoking pollution permit,nan,nan,nan,nan
nan,nan,marginal abatement cost,nan,nan,nan,nan
nan,nan,pollution-induced community tolerance,nan,nan,nan,nan
nan,nan,contaminated land,nan,nan,nan,nan
nan,nan,regenerative thermal oxidizer,nan,nan,nan,nan
nan,nan,regulation and monitoring of pollution,nan,nan,nan,nan
nan,nan,biomagnification,nan,nan,nan,nan
nan,nan,acid rain,nan,nan,nan,nan
nan,nan,asbestosis,nan,nan,nan,nan
nan,nan,thermal pollution,nan,nan,nan,nan
nan,nan,polluter pay principle,nan,nan,nan,nan
nan,nan,visual pollution,nan,nan,nan,nan
nan,nan,measure of pollutant concentration,nan,nan,nan,nan
nan,nan,blackwater (coal),nan,nan,nan,nan
nan,nan,kessler syndrome,nan,nan,nan,nan
nan,nan,embedded emission,nan,nan,nan,nan
nan,nan,biofouling,nan,nan,nan,nan
nan,nan,neuroplastic effect of pollution,nan,nan,nan,nan
nan,nan,brownfield status,nan,nan,nan,nan
nan,nan,in situ chemical reduction,nan,nan,nan,nan
nan,nan,industrial emission directive,nan,nan,nan,nan
nan,nan,plastic pollution,nan,nan,nan,nan
nan,nan,area source (pollution),nan,nan,nan,nan
nan,nan,pneumatic fracturing,nan,nan,nan,nan
nan,nan,agricultural pollution,nan,nan,nan,nan
nan,nan,duct (industrial exhaust),nan,nan,nan,nan
nan,nan,eyesore,nan,nan,nan,nan
nan,nan,pollution insurance,nan,nan,nan,nan
nan,nan,soil contamination,nan,nan,nan,nan
nan,nan,black sugar,nan,nan,nan,nan
nan,nan,bioaccumulation,nan,nan,nan,nan
nan,nan,hazard quotient,nan,nan,nan,nan
nan,nan,pneumatic barrier,nan,nan,nan,nan
nan,nan,radioactive contamination,nan,nan,nan,nan
nan,nan,plastiglomerate,nan,nan,nan,nan
nan,nan,environmental impact of paint,nan,nan,nan,nan
nan,nan,drug pollution,nan,nan,nan,nan
nan,nan,particulate pollution,nan,nan,nan,nan
nan,nan,certificate of financial responsibility,nan,nan,nan,nan
nan,nan,toxic waste,nan,nan,nan,nan
nan,nan,pollution in the arctic ocean,nan,nan,nan,nan
nan,nan,pollution prevention,nan,nan,nan,nan
nan,nan,powder dustiness,nan,nan,nan,nan
nan,nan,biological oxidizer,nan,nan,nan,nan
nan,nan,subnature,nan,nan,nan,nan
nan,nan,blue ice (precipitation),nan,nan,nan,nan
nan,nan,environmental impact of pharmaceutical and personal care product,nan,nan,nan,nan
nan,nan,toxicodynamics,nan,nan,nan,nan
nan,nan,list of least carbon efficient power station,nan,nan,nan,nan
nan,nan,dutch standard,nan,nan,nan,nan
nan,nan,phytotreatment,nan,nan,nan,nan
nan,nan,health effect,nan,nan,nan,nan
nan,nan,toxics use reduction,nan,nan,nan,nan
nan,nan,pollutant,nan,nan,nan,nan
nan,nan,nan,lead,nan,nan,nan
nan,nan,nan,sulphur oxide,nan,nan,sox
nan,nan,nan,nitrous oxide,nan,nan,nox
nan,nan,ozone action day,nan,nan,nan,nan
nan,nan,firewater (fire fighting),nan,nan,nan,nan
nan,nan,inhalation exposure,nan,nan,nan,nan
nan,nan,renwu incident,nan,nan,nan,nan
nan,nan,point source pollution,nan,nan,nan,nan
nan,nan,volume source (pollution),nan,nan,nan,nan
nan,nan,kid ocean day hk,nan,nan,nan,nan
nan,nan,oceanic big 5,nan,nan,nan,nan
nan,nan,plasticity forum,nan,nan,nan,nan
nan,nan,war sand,nan,nan,nan,nan
nan,water crisis,nan,nan,nan,nan,nan
science,nan,nan,nan,nan,nan,nan
nan,chemistry,nan,nan,nan,nan,nan
nan,nan,photolysis,nan,nan,nan,nan
nan,nan,condensation,nan,nan,nan,nan
nan,biology,nan,nan,nan,nan,nan
nan,nan,respiratory system,nan,nan,nan,nan
nan,nan,cardiovascular system,nan,nan,nan,nan
nan,nan,nan,blood,nan,nan,nan
nan,nan,nan,blood vessel,nan,nan,nan
nan,physic,nan,nan,nan,nan,nan
nan,nan,acoustic,nan,nan,nan,nan
nan,nan,nan,ultrasound,nan,nan,nan
nan,nan,magnetics,nan,nan,nan,nan
organisation,nan,nan,nan,nan,nan,nan
nan,manufacturing industry,nan,nan,nan,nan,nan
nan,nan,good,nan,nan,nan,nan
nan,nan,nan,bottle,nan,nan,nan
nan,nan,nan,sachet,nan,nan,nan
nan,nan,metal detector,nan,nan,nan,nan
nan,nan,conveyor belt,nan,nan,nan,baggage belt
nan,nan,nan,nan,nan,nan,belt conveyer
nan,nan,nan,nan,nan,nan,belt conveyor
nan,nan,nan,nan,nan,nan,cogbelt
nan,nan,nan,nan,nan,nan,conveyer
nan,nan,nan,nan,nan,nan,conveyer belt
nan,nan,nan,nan,nan,nan,conveyor belts
nan,nan,nan,nan,nan,nan,conveyors
nan,nan,nan,nan,nan,nan,moving belt
nan,nan,assembly line,nan,nan,nan,nan
nan,food industry,nan,nan,nan,nan,nan
nan,public sector,nan,nan,nan,nan,nan
nan,private sector,nan,nan,nan,nan,nan
nan,nan,infrastructure,nan,nan,nan,nan
nan,nan,nan,building,nan,nan,nan
nan,nan,nan,apartment,nan,nan,nan
nan,nan,nan,commercial complex,nan,nan,nan
nan,nan,transport,nan,nan,nan,nan
nan,nan,hardware (mechanical),nan,nan,nan,nan
nan,nan,real estate,nan,nan,nan,nan
nan,nan,reverse logistics,nan,nan,nan,nan
nan,pharmaceutical,nan,nan,nan,nan,nan
machine,nan,nan,nan,nan,nan,nan
nan,cold storage,nan,nan,nan,nan,nan
nan,freezer,nan,nan,nan,nan,nan
nan,elevator,nan,nan,nan,nan,nan
nan,mobile machine,nan,nan,nan,nan,nan
nan,nan,vehicle,nan,nan,nan,nan
nan,nan,nan,compressed hydrogen tube trailer,nan,nan,nan
nan,nan,nan,fnss acv-30,nan,nan,nan
nan,nan,nan,vehicle restoration,nan,nan,nan
nan,nan,nan,tilt test (vehicle safety test),nan,nan,nan
nan,nan,nan,the california kid (custom car),nan,nan,nan
nan,nan,nan,mobile laboratory,nan,nan,nan
nan,nan,nan,the red baron (custom car),nan,nan,nan
nan,nan,nan,heritage fleet,nan,nan,nan
nan,nan,nan,single-occupancy vehicle,nan,nan,nan
nan,nan,nan,ala kart (custom car),nan,nan,nan
nan,nan,nan,vehicular metric,nan,nan,nan
nan,nan,nan,adapted automobile,nan,nan,nan
nan,nan,nan,craft (vehicle),nan,nan,nan
nan,nan,nan,nypd x-ray van,nan,nan,nan
nan,nan,nan,vehicle dependability study,nan,nan,nan
nan,nan,nan,bi-directional vehicle,nan,nan,nan
nan,nan,nan,sea tractor,nan,nan,nan
nan,nan,nan,jpods,nan,nan,nan
nan,nan,nan,luton body,nan,nan,nan
nan,nan,nan,terrafugia tf-x,nan,nan,nan
nan,nan,nan,pag automóveis,nan,nan,nan
nan,nan,nan,list of vehicle speed record,nan,nan,nan
nan,nan,nan,weight distribution,nan,nan,nan
nan,nan,nan,mile per gallon gasoline equivalent,nan,nan,nan
nan,nan,nan,grip-car,nan,nan,nan
nan,nan,nan,logging truck,nan,nan,nan
nan,nan,nan,outline of vehicle,nan,nan,nan
nan,nan,nan,exhaust gas,nan,nan,nan
nan,nan,nan,intermediate mean of transport,nan,nan,nan
nan,nan,nan,cornering force,nan,nan,nan
nan,nan,nan,liquid hydrogen trailer,nan,nan,nan
nan,nan,nan,roadway noise,nan,nan,nan
nan,nan,nan,bombardier bombi,nan,nan,nan
nan,nan,nan,air hybrid vehicle,nan,nan,nan
nan,nan,nan,crossover (automobile),nan,nan,nan
nan,nan,nan,bloodmobile,nan,nan,nan
nan,nan,nan,vehicle,nan,nan,nan
nan,nan,nan,vehicle explosion,nan,nan,nan
nan,nan,nan,convoy,nan,nan,nan
nan,nan,nan,motor vehicle type approval,nan,nan,nan
nan,nan,nan,motorcade,nan,nan,nan
nan,nan,nan,hirohata merc,nan,nan,nan
nan,nan,nan,truck,nan,nan,nan
nan,nan,nan,yase doji,nan,nan,nan
nan,engine,nan,nan,nan,nan,air breathing engines
nan,nan,nan,nan,nan,nan,air-breathing engine
nan,nan,nan,nan,nan,nan,engine design
nan,nan,nan,nan,nan,nan,engines
nan,nan,nan,nan,nan,nan,motor
nan,nan,nan,nan,nan,nan,motor (device)
nan,nan,nan,nan,nan,nan,motors
nan,nan,nan,nan,nan,nan,prime mover (engine)
nan,nan,duraspark,nan,nan,nan,nan
nan,nan,windage,nan,nan,nan,nan
nan,nan,siamesed cylinder,nan,nan,nan,nan
nan,nan,ajax engine,nan,nan,nan,nan
nan,nan,amc computerized engine control,nan,nan,nan,nan
nan,nan,tri power,nan,nan,nan,nan
nan,nan,nitro engine,nan,nan,nan,nan
nan,nan,crankshaft,nan,nan,nan,nan
nan,nan,external combustion engine,nan,nan,nan,nan
nan,nan,mitsubishi mca,nan,nan,nan,nan
nan,nan,barton evaporation engine,nan,nan,nan,nan
nan,nan,colloid thruster,nan,nan,nan,nan
nan,nan,piston,nan,nan,nan,crosshead piston
nan,nan,nan,nan,nan,nan,deflector piston
nan,nan,nan,nan,nan,nan,drawback of piston
nan,nan,nan,nan,nan,nan,piston linkage
nan,nan,nan,nan,nan,nan,trunk piston
nan,nan,engine configuration,nan,nan,nan,nan
nan,nan,parasitic load,nan,nan,nan,nan
nan,nan,draft (boiler),nan,nan,nan,nan
nan,nan,gunderson do-all machine,nan,nan,nan,nan
nan,nan,bivalent (engine),nan,nan,nan,nan
nan,nan,reciprocating chemical muscle,nan,nan,nan,nan
nan,nan,nutating disc engine,nan,nan,nan,nan
nan,nan,gluhareff pressure jet,nan,nan,nan,nan
nan,nan,carnot heat engine,nan,nan,nan,nan
nan,nan,devrim ii,nan,nan,nan,nan
nan,nan,coolpower,nan,nan,nan,nan
nan,nan,oil sludge,nan,nan,nan,nan
nan,nan,desaxe,nan,nan,nan,nan
nan,nan,water power engine,nan,nan,nan,nan
nan,nan,chonda,nan,nan,nan,nan
nan,nan,idle (engine),nan,nan,nan,nan
nan,nan,intake,nan,nan,nan,nan
nan,nan,enginator,nan,nan,nan,nan
nan,nan,turbine blade,nan,nan,nan,nan
nan,nan,dakeyne hydraulic disc engine,nan,nan,nan,nan
nan,nan,air-cooled engine,nan,nan,nan,nan
nan,nan,engine cart,nan,nan,nan,nan
nan,nan,turbine map,nan,nan,nan,nan
nan,nan,heat engine,nan,nan,nan,nan
nan,nan,hot air engine,nan,nan,nan,nan
nan,nan,vacuum engine,nan,nan,nan,nan
nan,nan,multifuel,nan,nan,nan,nan
nan,nan,overspeed (engine),nan,nan,nan,nan
nan,nan,homogeneous charge compression ignition,nan,nan,nan,nan
nan,nan,hybrid vehicle,nan,nan,nan,nan
nan,nan,"3,000 mile myth",nan,nan,nan,nan
nan,nan,pneumatic motor,nan,nan,nan,nan
nan,nan,minto wheel,nan,nan,nan,nan
nan,nan,gas turbine,nan,nan,nan,nan
nan,nan,working fluid,nan,nan,nan,nan
nan,nan,stationary engine,nan,nan,nan,nan
nan,nan,hybrid vehicle drivetrain,nan,nan,nan,nan
nan,nan,exhaust gas,nan,nan,nan,nan
nan,nan,comptech,nan,nan,nan,nan
nan,nan,exoskeletal engine,nan,nan,nan,nan
nan,nan,cvcc,nan,nan,nan,nan
nan,nan,nanogenerator,nan,nan,nan,nan
nan,nan,gas engine,nan,nan,nan,nan
nan,nan,bendix drive,nan,nan,nan,nan
nan,nan,air–fuel ratio,nan,nan,nan,nan
nan,nan,internal combustion engine,nan,nan,nan,nan
nan,nan,map sensor,nan,nan,nan,nan
nan,nan,srm engine suite,nan,nan,nan,nan
nan,nan,engine test stand,nan,nan,nan,nan
nan,nan,nissan nap,nan,nan,nan,nan
nan,nan,free-piston engine,nan,nan,nan,nan
nan,nan,carbon monoxide/oxygen engine,nan,nan,nan,nan
nan,nan,toyota ttc,nan,nan,nan,nan
nan,nan,free-piston linear generator,nan,nan,nan,nan
nan,nan,merritt engine,nan,nan,nan,nan
nan,compressor,nan,nan,nan,nan,nan
nan,water pump,nan,nan,nan,nan,nan
nan,electric motor,nan,nan,nan,nan,nan
nan,nan,thyristor drive,nan,nan,nan,nan
nan,nan,vector control (motor),nan,nan,nan,nan
nan,nan,compensation winding,nan,nan,nan,nan
nan,nan,cogging torque,nan,nan,nan,nan
nan,nan,cycloconverter,nan,nan,nan,nan
nan,nan,"ransomes, sims & jefferies",nan,nan,nan,nan
nan,nan,direct torque control,nan,nan,nan,nan
nan,nan,motor-cad,nan,nan,nan,nan
nan,nan,synchronous condenser,nan,nan,nan,nan
nan,nan,mouse mill motor,nan,nan,nan,nan
nan,nan,premium efficiency,nan,nan,nan,nan
nan,nan,synchronous motor,nan,nan,nan,nan
nan,nan,armature (electrical engineering),nan,nan,nan,nan
nan,nan,vibrator (mechanical),nan,nan,nan,nan
nan,nan,stator,nan,nan,nan,nan
nan,nan,brush (electric),nan,nan,nan,nan
nan,nan,traction motor,nan,nan,nan,nan
nan,nan,variable-frequency drive,nan,nan,nan,nan
nan,nan,inrunner,nan,nan,nan,nan
nan,nan,circle diagram,nan,nan,nan,nan
nan,nan,thermo-magnetic motor,nan,nan,nan,nan
nan,nan,lavet type stepping motor,nan,nan,nan,nan
nan,nan,outrunner,nan,nan,nan,nan
nan,nan,mabuchi motor,nan,nan,nan,nan
nan,nan,sub-micro ac drive,nan,nan,nan,nan
nan,nan,inchworm motor,nan,nan,nan,nan
nan,nan,pml flightlink,nan,nan,nan,nan
nan,nan,asynchronous motor,nan,nan,nan,nan
nan,nan,drum motor,nan,nan,nan,nan
nan,nan,switched reluctance motor,nan,nan,nan,nan
nan,nan,stepper motor,nan,nan,nan,nan
nan,nan,piezoelectric motor,nan,nan,nan,nan
nan,nan,ball bearing motor,nan,nan,nan,nan
nan,nan,motor controller,nan,nan,nan,nan
nan,nan,barlow's wheel,nan,nan,nan,nan
nan,nan,reluctance motor,nan,nan,nan,nan
nan,nan,mush winding,nan,nan,nan,nan
nan,nan,shinano kenshi,nan,nan,nan,nan
nan,nan,magnet wire,nan,nan,nan,nan
nan,nan,induction regulator,nan,nan,nan,nan
nan,nan,fractional horsepower motor,nan,nan,nan,nan
nan,nan,electric outboard motor,nan,nan,nan,nan
nan,nan,specific fan power,nan,nan,nan,nan
nan,nan,braking chopper,nan,nan,nan,nan
nan,nan,shaft voltage,nan,nan,nan,nan
nan,nan,chiaphua component group,nan,nan,nan,nan
nan,nan,permanent magnet synchronous motor,nan,nan,nan,nan
nan,nan,motor constant,nan,nan,nan,nan
nan,nan,newman's energy machine,nan,nan,nan,nan
nan,nan,list of spacecraft with electric propulsion,nan,nan,nan,nan
nan,nan,universal motor,nan,nan,nan,nan
nan,nan,electrostatic motor,nan,nan,nan,nan
nan,nan,servomotor,nan,nan,nan,nan
nan,nan,linear motor,nan,nan,nan,nan
nan,nan,brushed dc electric motor,nan,nan,nan,nan
nan,nan,dc injection braking,nan,nan,nan,nan
nan,nan,unipolar motor,nan,nan,nan,nan
nan,nan,critical field resistance,nan,nan,nan,nan
nan,nan,lynch motor,nan,nan,nan,nan
nan,nan,monomotor,nan,nan,nan,nan
nan,nan,booster (electric power),nan,nan,nan,nan
nan,nan,electrically powered spacecraft propulsion,nan,nan,nan,nan
nan,nan,nidec,nan,nan,nan,nan
nan,nan,stationary reference frame,nan,nan,nan,nan
nan,nan,bipolar electric motor,nan,nan,nan,nan
nan,nan,superconducting electric machine,nan,nan,nan,nan
nan,nan,single molecule electric motor,nan,nan,nan,nan
nan,nan,adjustable-speed drive,nan,nan,nan,nan
nan,nan,fleming's left-hand rule for motor,nan,nan,nan,nan
nan,nan,electronic speed control,nan,nan,nan,nan
nan,nan,torque motor,nan,nan,nan,nan
nan,nan,korndörfer autotransformer starter,nan,nan,nan,nan
nan,nan,doubly-fed electric machine,nan,nan,nan,nan
nan,nan,singly-fed electric machine,nan,nan,nan,nan
nan,nan,shunt wound motor,nan,nan,nan,nan
nan,nan,brushless electric motor,nan,nan,nan,nan
nan,nan,tubular linear motor,nan,nan,nan,nan
nan,nan,torque ripple,nan,nan,nan,nan
nan,nan,series wound motor,nan,nan,nan,nan
nan,nan,sawyer motor,nan,nan,nan,nan
nan,nan,houghton international,nan,nan,nan,nan
nan,nan,fam control of induction motor,nan,nan,nan,nan
nan,nan,dahlander pole changing motor,nan,nan,nan,nan
nan,nan,efosmo,nan,nan,nan,nan
nan,nan,force motor,nan,nan,nan,nan
nan,nan,timeline of the electric motor,nan,nan,nan,nan
nan,nan,reciprocating electric motor,nan,nan,nan,nan
nan,nan,copper in energy-efficient motor,nan,nan,nan,nan
nan,nan,electric motor test stand,nan,nan,nan,nan
nan,nan,ultrasonic motor,nan,nan,nan,nan
nan,nan,wound rotor motor,nan,nan,nan,nan
nan,nan,split-phase electric power,nan,nan,nan,nan
nan,nan,slip ring,nan,nan,nan,nan
nan,nan,electric motor,nan,nan,nan,nan
nan,nan,motor control center,nan,nan,nan,nan
nan,nan,electric machine,nan,nan,nan,nan
nan,nan,dc motor,nan,nan,nan,nan
nan,nan,mendocino motor,nan,nan,nan,nan
nan,nan,rotor (electric),nan,nan,nan,nan
nan,nan,shaded-pole synchronous motor,nan,nan,nan,nan
nan,nan,induction motor,nan,nan,nan,nan
nan,nan,growler (electrical device),nan,nan,nan,nan
nan,nan,tefc,nan,nan,nan,nan
nan,nan,parvalux,nan,nan,nan,nan
nan,nan,motor soft starter,nan,nan,nan,nan
nan,nan,repulsion motor,nan,nan,nan,nan
nan,nan,brushless dc electric motor,nan,nan,nan,nan
nan,nan,coilgun,nan,nan,nan,nan
nan,nan,homopolar motor,nan,nan,nan,nan
nan,nan,commutator (electric),nan,nan,nan,nan
nan,nan,motor capacitor,nan,nan,nan,nan
nan,nan,list of traction motor manufacturer,nan,nan,nan,nan
nan,nan,electric motor education and research foundation,nan,nan,nan,nan
nan,nan,internal fan-cooled electric motor,nan,nan,nan,nan
nan,boiler,nan,nan,nan,nan,nan
mechanical,nan,nan,nan,nan,nan,nan
nan,material,nan,nan,nan,nan,nan
nan,nan,friedel's salt,nan,nan,nan,nan
nan,nan,material flow management,nan,nan,nan,nan
nan,nan,paste (rheology),nan,nan,nan,nan
nan,nan,ultralight material,nan,nan,nan,nan
nan,nan,insulator (electricity),nan,nan,nan,nan
nan,nan,material genome,nan,nan,nan,nan
nan,nan,paper,nan,nan,nan,nan
nan,nan,d3o,nan,nan,nan,nan
nan,nan,rock (geology),nan,nan,nan,nan
nan,nan,tensometer,nan,nan,nan,nan
nan,nan,plastic bottle,nan,nan,nan,nan
nan,nan,aramid,nan,nan,nan,nan
nan,nan,fiber,nan,nan,nan,nan
nan,nan,gemstone,nan,nan,nan,nan
nan,nan,bio-based material,nan,nan,nan,nan
nan,nan,porous medium,nan,nan,nan,nan
nan,nan,agamassan,nan,nan,nan,nan
nan,nan,saturated-surface-dry,nan,nan,nan,nan
nan,nan,solid surface,nan,nan,nan,nan
nan,nan,safety data sheet,nan,nan,nan,nan
nan,nan,composite,nan,nan,nan,nan
nan,nan,mixed_conductor,nan,nan,nan,nan
nan,nan,electrical conductor,nan,nan,nan,nan
nan,nan,dryrock,nan,nan,nan,nan
nan,nan,nanophase material,nan,nan,nan,nan
nan,nan,primary aromatic amine,nan,nan,nan,nan
nan,nan,richlite,nan,nan,nan,nan
nan,nan,semimetal,nan,nan,nan,nan
nan,nan,tortoiseshell,nan,nan,nan,nan
nan,nan,printing and writing paper,nan,nan,nan,nan
nan,nan,rubblization,nan,nan,nan,nan
nan,nan,bonding in solid,nan,nan,nan,nan
nan,nan,stone paper,nan,nan,nan,nan
nan,nan,silica material,nan,nan,nan,nan
nan,nan,indium tin oxide,nan,nan,nan,nan
nan,nan,photonic crystal fiber,nan,nan,nan,nan
nan,nan,particulate matter,nan,nan,nan,nan
nan,nan,agricultural lime,nan,nan,nan,nan
nan,nan,hydrogen-terminated silicon surface,nan,nan,nan,nan
nan,nan,sodalime,nan,nan,nan,nan
nan,nan,impurity,nan,nan,nan,nan
nan,nan,microporous material,nan,nan,nan,nan
nan,nan,whitetopping,nan,nan,nan,nan
nan,nan,metal,nan,nan,nan,nan
nan,nan,nan,tamahagane,nan,nan,nan
nan,nan,nan,latter day saint movement and engraved metal plate,nan,nan,nan
nan,nan,nan,metal theft,nan,nan,nan
nan,nan,nan,silver overlay,nan,nan,nan
nan,nan,nan,alonizing,nan,nan,nan
nan,nan,nan,conservation and restoration of outdoor bronze object,nan,nan,nan
nan,nan,nan,conservation and restoration of silver object,nan,nan,nan
nan,nan,nan,polymetal,nan,nan,nan
nan,nan,nan,class of metal,nan,nan,nan
nan,nan,nan,half-metal,nan,nan,nan
nan,nan,nan,metal toxicity,nan,nan,nan
nan,nan,nan,metallurgy,nan,nan,nan
nan,nan,nan,heavy metal (chemical element),nan,nan,nan
nan,nan,nan,ziff (book of mormon),nan,nan,nan
nan,nan,nan,anodic aluminum oxide,nan,nan,nan
nan,nan,nan,"property of metals, metalloids and nonmetal",nan,nan,nan
nan,nan,nan,thulium,nan,nan,nan
nan,nan,nan,evolution of metal ion in biological system,nan,nan,nan
nan,nan,nan,light metal,nan,nan,nan
nan,nan,nan,martensite,nan,nan,nan
nan,nan,nan,tarnish,nan,nan,nan
nan,nan,nan,minor metal,nan,nan,nan
nan,nan,nan,metal in medicine,nan,nan,nan
nan,nan,nan,yield strength anomaly,nan,nan,nan
nan,nan,nan,radioactive scrap metal,nan,nan,nan
nan,nan,nan,metal powder,nan,nan,nan
nan,nan,nan,metallic bonding,nan,nan,nan
nan,nan,nan,metal foam,nan,nan,nan
nan,nan,nan,non-ferrous metal,nan,nan,nan
nan,nan,nan,refractory metal,nan,nan,nan
nan,nan,nan,base metal,nan,nan,nan
nan,nan,nan,telluric iron,nan,nan,nan
nan,nan,nan,metal hydroxide,nan,nan,nan
nan,nan,nan,metal of antiquity,nan,nan,nan
nan,nan,nan,metal,nan,nan,nan
nan,nan,nan,metal stock in society report,nan,nan,nan
nan,nan,nan,forging temperature,nan,nan,nan
nan,nan,three-dimensional quartz phenolic,nan,nan,nan,nan
nan,nan,fdu material,nan,nan,nan,nan
nan,nan,sholapith,nan,nan,nan,nan
nan,nan,structural material,nan,nan,nan,nan
nan,nan,material world,nan,nan,nan,nan
nan,nan,iron(ii) hydroxide,nan,nan,nan,nan
nan,nan,ceramic material,nan,nan,nan,nan
nan,nan,salisbury screen,nan,nan,nan,nan
nan,nan,exotic material,nan,nan,nan,nan
nan,nan,composition leather,nan,nan,nan,nan
nan,nan,material for use in vacuum,nan,nan,nan,nan
nan,nan,miniwiz,nan,nan,nan,nan
nan,nan,karbonite gear,nan,nan,nan,nan
nan,nan,nordic institute of dental material,nan,nan,nan,nan
nan,nan,carbon grid,nan,nan,nan,nan
nan,nan,list of commercially available roofing material,nan,nan,nan,nan
nan,nan,lute (material),nan,nan,nan,nan
nan,nan,wattle (construction),nan,nan,nan,nan
nan,nan,nanophase ceramic,nan,nan,nan,nan
nan,nan,cellulose fiber,nan,nan,nan,nan
nan,nan,cross-laminates,nan,nan,nan,nan
nan,nan,aerospace material,nan,nan,nan,nan
nan,nan,tego film,nan,nan,nan,nan
nan,nan,devoré,nan,nan,nan,nan
nan,nan,chemiresistor,nan,nan,nan,nan
nan,nan,radiation-absorbent material,nan,nan,nan,nan
nan,nan,tar,nan,nan,nan,nan
nan,nan,ion gel,nan,nan,nan,nan
nan,nan,drawdown chart,nan,nan,nan,nan
nan,nan,commercial us of armor,nan,nan,nan,nan
nan,nan,metal-phenolic network,nan,nan,nan,nan
nan,nan,sealant,nan,nan,nan,nan
nan,nan,slag,nan,nan,nan,nan
nan,nan,diamondoid,nan,nan,nan,nan
nan,nan,ebonite,nan,nan,nan,nan
nan,nan,coal tar,nan,nan,nan,nan
nan,nan,ground granulated blast-furnace slag,nan,nan,nan,nan
nan,nan,propolis,nan,nan,nan,nan
nan,nan,putty,nan,nan,nan,nan
nan,nan,mesoporous material,nan,nan,nan,nan
nan,nan,mineral wool,nan,nan,nan,nan
nan,nan,pitch (resin),nan,nan,nan,nan
nan,nan,rice hull,nan,nan,nan,nan
nan,nan,layered double hydroxide,nan,nan,nan,nan
nan,nan,food contact material,nan,nan,nan,nan
nan,nan,chatterton's compound,nan,nan,nan,nan
nan,nan,space blanket,nan,nan,nan,nan
nan,nan,orthotropic material,nan,nan,nan,nan
nan,nan,clarino,nan,nan,nan,nan
nan,nan,filler (materials),nan,nan,nan,nan
nan,nan,refractory,nan,nan,nan,nan
nan,nan,sustenance,nan,nan,nan,nan
nan,nan,radiant barrier,nan,nan,nan,nan
nan,nan,noil,nan,nan,nan,nan
nan,nan,slurry,nan,nan,nan,nan
nan,nan,auxetics,nan,nan,nan,nan
nan,nan,superhard material,nan,nan,nan,nan
nan,nan,latex,nan,nan,nan,nan
nan,nan,bingham plastic,nan,nan,nan,nan
nan,nan,intumescent,nan,nan,nan,nan
nan,nan,raw material,nan,nan,nan,nan
nan,nan,mobil composition of matter,nan,nan,nan,nan
nan,nan,lrpu,nan,nan,nan,nan
nan,nan,muka,nan,nan,nan,nan
nan,nan,glass microsphere,nan,nan,nan,nan
nan,nan,monocrystalline whisker,nan,nan,nan,nan
nan,nan,seam sealant,nan,nan,nan,nan
nan,nan,technora,nan,nan,nan,nan
nan,structural mechanic,nan,nan,nan,nan,nan
nan,nan,finite element analysis,nan,nan,nan,fea
nan,nan,structural analysis,nan,nan,nan,nan
nan,nan,ansys,nan,nan,nan,nan
nan,thermodynamics,nan,nan,nan,nan,nan
nan,nan,thermalisation,nan,nan,nan,nan
nan,nan,spontaneous process,nan,nan,nan,nan
nan,nan,exact differential,nan,nan,nan,nan
nan,nan,transcritical cycle,nan,nan,nan,nan
nan,nan,thermal contact,nan,nan,nan,nan
nan,nan,work output,nan,nan,nan,nan
nan,nan,radiative cooling,nan,nan,nan,nan
nan,nan,watt steam engine,nan,nan,nan,nan
nan,nan,time-domain thermoreflectance,nan,nan,nan,nan
nan,nan,relativistic heat conduction,nan,nan,nan,nan
nan,nan,free expansion,nan,nan,nan,nan
nan,nan,frigorific mixture,nan,nan,nan,nan
nan,nan,energetics,nan,nan,nan,nan
nan,nan,thermodynamic instrument,nan,nan,nan,nan
nan,nan,maximum entropy thermodynamics,nan,nan,nan,nan
nan,nan,thermophotovoltaic,nan,nan,nan,nan
nan,nan,internal heating,nan,nan,nan,nan
nan,nan,saturation vapor curve,nan,nan,nan,nan
nan,nan,sand bath,nan,nan,nan,nan
nan,nan,photon gas,nan,nan,nan,nan
nan,nan,theta solvent,nan,nan,nan,nan
nan,nan,t-symmetry,nan,nan,nan,nan
nan,nan,thermally isolated system,nan,nan,nan,nan
nan,nan,temperature measurement,nan,nan,nan,nan
nan,nan,iapws,nan,nan,nan,nan
nan,nan,state postulate,nan,nan,nan,nan
nan,nan,liesegang ring,nan,nan,nan,nan
nan,nan,draper point,nan,nan,nan,nan
nan,nan,cold,nan,nan,nan,nan
nan,nan,excess chemical potential,nan,nan,nan,nan
nan,nan,gibbs paradox,nan,nan,nan,nan
nan,nan,response reaction,nan,nan,nan,nan
nan,nan,energy accounting,nan,nan,nan,nan
nan,nan,run-around coil,nan,nan,nan,nan
nan,nan,doppler cooling limit,nan,nan,nan,nan
nan,nan,mechanically isolated system,nan,nan,nan,nan
nan,nan,vi viva,nan,nan,nan,nan
nan,nan,buckingham potential,nan,nan,nan,nan
nan,nan,work (thermodynamics),nan,nan,nan,nan
nan,nan,entropic gravity,nan,nan,nan,nan
nan,nan,spinodal decomposition,nan,nan,nan,nan
nan,nan,critical line (thermodynamics),nan,nan,nan,nan
nan,nan,regelation,nan,nan,nan,nan
nan,nan,melting,nan,nan,nan,nan
nan,nan,resource intensity,nan,nan,nan,nan
nan,nan,energy carrier,nan,nan,nan,nan
nan,nan,resource productivity,nan,nan,nan,nan
nan,nan,fire point,nan,nan,nan,nan
nan,nan,adiabatic invariant,nan,nan,nan,nan
nan,nan,backdraft,nan,nan,nan,nan
nan,nan,departure function,nan,nan,nan,nan
nan,nan,boltzmann constant,nan,nan,nan,nan
nan,nan,bennett acceptance ratio,nan,nan,nan,nan
nan,nan,laser cooling,nan,nan,nan,nan
nan,nan,massieu function,nan,nan,nan,nan
nan,nan,latent heat,nan,nan,nan,nan
nan,nan,scale-free ideal gas,nan,nan,nan,nan
nan,nan,heat,nan,nan,nan,nan
nan,nan,social thermodynamics theory,nan,nan,nan,nan
nan,nan,isolated system,nan,nan,nan,nan
nan,nan,standard condition for temperature and pressure,nan,nan,nan,nan
nan,nan,thermo-dielectric effect,nan,nan,nan,nan
nan,nan,statistical mechanic,nan,nan,nan,nan
nan,nan,maxent school,nan,nan,nan,nan
nan,nan,bjerrum plot,nan,nan,nan,nan
nan,nan,thermal decomposition,nan,nan,nan,nan
nan,nan,international institute of refrigeration,nan,nan,nan,nan
nan,nan,thermal expansion,nan,nan,nan,nan
nan,nan,kilocalorie per mole,nan,nan,nan,nan
nan,nan,supersaturation,nan,nan,nan,nan
nan,nan,maxwell's thermodynamic surface,nan,nan,nan,nan
nan,nan,temperature,nan,nan,nan,nan
nan,nan,scale of temperature,nan,nan,nan,nan
nan,nan,thermodynamics,nan,nan,nan,nan
nan,nan,thermodynamic versus kinetic reaction control,nan,nan,nan,nan
nan,nan,triple point,nan,nan,nan,nan
nan,nan,thermal radiation,nan,nan,nan,nan
nan,nan,thermal hydraulics,nan,nan,nan,nan
nan,nan,thermodynamic cycle,nan,nan,nan,nan
nan,nan,joule expansion,nan,nan,nan,nan
nan,nan,electrochemical gradient,nan,nan,nan,nan
nan,nan,compressor map,nan,nan,nan,nan
nan,nan,lennard-jones potential,nan,nan,nan,nan
nan,nan,cooling curve,nan,nan,nan,nan
nan,nan,negative thermal expansion,nan,nan,nan,nan
nan,nan,economizer,nan,nan,nan,nan
nan,nan,biological thermodynamics,nan,nan,nan,nan
nan,nan,synergetics (haken),nan,nan,nan,nan
nan,nan,motive power,nan,nan,nan,nan
nan,nan,thermodynamic state,nan,nan,nan,nan
nan,nan,thermal science,nan,nan,nan,nan
nan,nan,pressure volume diagram,nan,nan,nan,nan
nan,nan,maximum power principle,nan,nan,nan,nan
nan,nan,primary energy,nan,nan,nan,nan
nan,nan,minimum total potential energy principle,nan,nan,nan,nan
nan,nan,binodal,nan,nan,nan,nan
nan,nan,irreversible process,nan,nan,nan,nan
nan,nan,multiplicity function for n noninteracting spin,nan,nan,nan,nan
nan,nan,joule heating,nan,nan,nan,nan
nan,nan,inexact differential,nan,nan,nan,nan
nan,nan,space-based solar power,nan,nan,nan,nan
nan,nan,particle number,nan,nan,nan,nan
nan,nan,ruppeiner geometry,nan,nan,nan,nan
nan,nan,process function,nan,nan,nan,nan
nan,nan,tog (unit),nan,nan,nan,nan
nan,nan,electrochemical potential,nan,nan,nan,nan
nan,nan,thermal contact conductance,nan,nan,nan,nan
nan,nan,mpemba effect,nan,nan,nan,nan
nan,nan,forging temperature,nan,nan,nan,nan
nan,nan,wulff construction,nan,nan,nan,nan
nan,nan,second sound,nan,nan,nan,nan
nan,nan,bowen ratio,nan,nan,nan,nan
nan,nan,spinodal,nan,nan,nan,nan
nan,nan,cryophorus,nan,nan,nan,nan
nan,nan,stack effect,nan,nan,nan,nan
nan,nan,gross generation,nan,nan,nan,nan
nan,nan,pyroelectricity,nan,nan,nan,nan
nan,nan,convective heat transfer,nan,nan,nan,nan
nan,nan,refrigeration,nan,nan,nan,nan
nan,nan,thermophotonics,nan,nan,nan,nan
nan,nan,thermodynamic equilibrium,nan,nan,nan,nan
nan,nan,net generation,nan,nan,nan,nan
nan,nan,adiabatic accessibility,nan,nan,nan,nan
nan,nan,thermodynamic potential,nan,nan,nan,nan
nan,nan,pressure-fed engine,nan,nan,nan,nan
nan,nan,relation between heat capacity,nan,nan,nan,nan
nan,nan,specific ion interaction theory,nan,nan,nan,nan
nan,nan,unruh effect,nan,nan,nan,nan
nan,nan,dufour effect,nan,nan,nan,nan
nan,nan,sensible heat,nan,nan,nan,nan
nan,nan,thermodynamic process path,nan,nan,nan,nan
nan,nan,thermodynamic square,nan,nan,nan,nan
nan,nan,radiative equilibrium,nan,nan,nan,nan
nan,nan,volume fraction,nan,nan,nan,nan
nan,nan,kerr/cft correspondence,nan,nan,nan,nan
nan,nan,waste heat,nan,nan,nan,nan
nan,nan,quantum thermodynamics,nan,nan,nan,nan
nan,nan,flashover,nan,nan,nan,nan
nan,nan,thermodynamic operation,nan,nan,nan,nan
nan,nan,thermal transmittance,nan,nan,nan,nan
nan,nan,heat transfer physic,nan,nan,nan,nan
nan,nan,grand potential,nan,nan,nan,nan
nan,nan,transport coefficient,nan,nan,nan,nan
nan,nan,steam digester,nan,nan,nan,nan
nan,nan,drinking bird,nan,nan,nan,nan
nan,nan,dortmund data bank,nan,nan,nan,nan
nan,nan,kullback–leibler divergence,nan,nan,nan,nan
nan,nan,flammability,nan,nan,nan,nan
nan,nan,stefan–boltzmann constant,nan,nan,nan,nan
nan,nan,joule–thomson effect,nan,nan,nan,nan
nan,nan,vortex tube,nan,nan,nan,nan
nan,nan,enthalpy–entropy chart,nan,nan,nan,nan
nan,nan,bancroft point,nan,nan,nan,nan
nan,nan,vapor–liquid equilibrium,nan,nan,nan,nan
nan,nan,regular solution,nan,nan,nan,nan
nan,nan,lászló tisza,nan,nan,nan,nan
nan,nan,rubber elasticity,nan,nan,nan,nan
nan,nan,thermodynamik chemischer vorgänge,nan,nan,nan,nan
nan,nan,sympathetic cooling,nan,nan,nan,nan
nan,nan,kinetic theory of gas,nan,nan,nan,nan
nan,nan,thermogravimetric analysis,nan,nan,nan,nan
nan,nan,planetary equilibrium temperature,nan,nan,nan,nan
nan,nan,scheutjens–fleer theory,nan,nan,nan,nan
nan,nan,dynamic equilibrium,nan,nan,nan,nan
nan,nan,temperature–entropy diagram,nan,nan,nan,nan
nan,nan,eigenstate thermalization hypothesis,nan,nan,nan,nan
nan,nan,thermodynamic limit,nan,nan,nan,nan
nan,nan,rüchardt experiment,nan,nan,nan,nan
nan,nan,heat bath,nan,nan,nan,nan
nan,nan,state function,nan,nan,nan,nan
nan,nan,sulfidation,nan,nan,nan,nan
nan,nan,bose gas,nan,nan,nan,nan
nan,nan,adiabatic wall,nan,nan,nan,nan
nan,nan,weatherization,nan,nan,nan,nan
nan,nan,gibbs's thermodynamic surface,nan,nan,nan,nan
nan,nan,thermal equilibrium,nan,nan,nan,nan
nan,nan,evaporative cooling (atomic physics),nan,nan,nan,nan
nan,nan,fundamental thermodynamic relation,nan,nan,nan,nan
nan,nan,electronic entropy,nan,nan,nan,nan
nan,nan,thermal mass,nan,nan,nan,nan
nan,nan,thermal reservoir,nan,nan,nan,nan
nan,nan,ionospheric ionization temperature,nan,nan,nan,nan
nan,nan,brownian motor,nan,nan,nan,nan
nan,nan,surprisal analysis,nan,nan,nan,nan
nan,nan,thermal diode,nan,nan,nan,nan
nan,nan,heat death paradox,nan,nan,nan,nan
nan,nan,kt (energy),nan,nan,nan,nan
nan,nan,ideal solution,nan,nan,nan,nan
nan,nan,control volume,nan,nan,nan,nan
nan,nan,batteryless radio,nan,nan,nan,nan
nan,nan,high definition thermal imaging,nan,nan,nan,nan
nan,nan,rt (energy),nan,nan,nan,nan
nan,nan,principle of minimum energy,nan,nan,nan,nan
nan,nan,thermal copper pillar bump,nan,nan,nan,nan
nan,nan,endoreversible thermodynamics,nan,nan,nan,nan
nan,nan,tolman length,nan,nan,nan,nan
nan,nan,critical heat flux,nan,nan,nan,nan
nan,nan,vuilleumier cycle,nan,nan,nan,nan
nan,nan,standard state,nan,nan,nan,nan
nan,nan,joule effect,nan,nan,nan,nan
nan,nan,ultracold atom,nan,nan,nan,nan
nan,nan,thermal physic,nan,nan,nan,nan
nan,nan,alkali-metal thermal to electric converter,nan,nan,nan,nan
nan,nan,scuderi cycle,nan,nan,nan,nan
nan,nan,thermodynamic database for pure substance,nan,nan,nan,nan
nan,nan,isothermal technology,nan,nan,nan,nan
nan,nan,axiomatics of thermodynamics,nan,nan,nan,nan
nan,nan,diathermal wall,nan,nan,nan,nan
nan,nan,morse/long-range potential,nan,nan,nan,nan
nan,nan,liquid droplet radiator,nan,nan,nan,nan
nan,nan,flow process,nan,nan,nan,nan
nan,nan,enthalpy–entropy compensation,nan,nan,nan,nan
nan,nan,wong–sandler mixing rule,nan,nan,nan,nan
nan,nan,rolf heinrich sabersky,nan,nan,nan,nan
nan,nan,consumption map,nan,nan,nan,nan
nan,nan,heat engine,nan,nan,nan,nan
nan,nan,laser schlieren deflectometry,nan,nan,nan,nan
nan,nan,quantum heat engine and refrigerator,nan,nan,nan,nan
nan,heat transfer,nan,nan,nan,nan,nan
nan,nan,kirchhoff's law of thermal radiation,nan,nan,nan,nan
nan,nan,radiosity (computer graphics),nan,nan,nan,nan
nan,nan,black body,nan,nan,nan,nan
nan,nan,thermal contact,nan,nan,nan,nan
nan,nan,boiling,nan,nan,nan,nan
nan,nan,thermal comfort,nan,nan,nan,nan
nan,nan,black-body radiation,nan,nan,nan,nan
nan,nan,heat transfer,nan,nan,nan,nan
nan,nan,insulated glazing,nan,nan,nan,nan
nan,nan,calorie,nan,nan,nan,nan
nan,nan,effectiveness,nan,nan,nan,nan
nan,nan,heat bath,nan,nan,nan,nan
nan,nan,thermal equilibrium,nan,nan,nan,nan
nan,nan,thermal conduction,nan,nan,nan,nan
nan,nan,thermal mass,nan,nan,nan,nan
nan,nan,non-ionizing radiation,nan,nan,nan,nan
nan,nan,burn,nan,nan,nan,nan
nan,nan,crookes radiometer,nan,nan,nan,nan
nan,nan,thermal conductivity,nan,nan,nan,nan
nan,nan,boundary layer,nan,nan,nan,nan
nan,nan,heat sink,nan,nan,nan,nan
nan,nan,leidenfrost effect,nan,nan,nan,nan
nan,nan,heat equation,nan,nan,nan,nan
nan,nan,heat exchanger,nan,nan,nan,nan
nan,nan,thermal grease,nan,nan,nan,nan
nan,nan,thermal insulation,nan,nan,nan,nan
nan,nan,emissivity,nan,nan,nan,nan
nan,nan,draper point,nan,nan,nan,nan
nan,nan,grashof number,nan,nan,nan,nan
nan,nan,hypothermia,nan,nan,nan,nan
nan,nan,countercurrent exchange,nan,nan,nan,nan
nan,nan,run-around coil,nan,nan,nan,nan
nan,nan,thermal diffusivity,nan,nan,nan,nan
nan,nan,thermoregulation,nan,nan,nan,nan
nan,nan,heat pipe,nan,nan,nan,nan
nan,nan,nusselt number,nan,nan,nan,nan
nan,nan,infrared sensing in snake,nan,nan,nan,nan
nan,nan,calorimetry,nan,nan,nan,nan
nan,nan,fin (extended surface),nan,nan,nan,nan
nan,nan,thermal energy storage,nan,nan,nan,nan
nan,nan,volumetric heat capacity,nan,nan,nan,nan
nan,nan,forced convection,nan,nan,nan,nan
nan,nan,view factor,nan,nan,nan,nan
nan,nan,equivalence of direct radiation,nan,nan,nan,nan
nan,nan,heat current,nan,nan,nan,nan
nan,nan,heat,nan,nan,nan,nan
nan,nan,mean radiant temperature,nan,nan,nan,nan
nan,nan,laser flash analysis,nan,nan,nan,nan
nan,nan,r-value (insulation),nan,nan,nan,nan
nan,nan,list of thermal conductivity,nan,nan,nan,nan
nan,nan,interfacial thermal resistance,nan,nan,nan,nan
nan,nan,effect of radiation on perceived temperature,nan,nan,nan,nan
nan,nan,thermal history of the earth,nan,nan,nan,nan
nan,nan,newton's law of cooling,nan,nan,nan,nan
nan,nan,therminol,nan,nan,nan,nan
nan,nan,logarithmic mean temperature difference,nan,nan,nan,nan
nan,nan,thermogenic plant,nan,nan,nan,nan
nan,nan,applied thermal engineering,nan,nan,nan,nan
nan,nan,thermal expansion,nan,nan,nan,nan
nan,nan,kilocalorie per mole,nan,nan,nan,nan
nan,nan,bulk temperature,nan,nan,nan,nan
nan,nan,thermal break,nan,nan,nan,nan
nan,nan,passive cooling,nan,nan,nan,nan
nan,nan,temperature,nan,nan,nan,nan
nan,nan,stefan–boltzmann law,nan,nan,nan,nan
nan,nan,churchill–bernstein equation,nan,nan,nan,nan
nan,nan,thermomass theory,nan,nan,nan,nan
nan,nan,thermal radiation,nan,nan,nan,nan
nan,nan,spray foam (insulation),nan,nan,nan,nan
nan,nan,combined forced and natural convection,nan,nan,nan,nan
nan,nan,efficiency,nan,nan,nan,nan
nan,nan,recuperator,nan,nan,nan,nan
nan,nan,nucleate boiling,nan,nan,nan,nan
nan,nan,pipe insulation,nan,nan,nan,nan
nan,nan,building insulation,nan,nan,nan,nan
nan,nan,heat capacity rate,nan,nan,nan,nan
nan,nan,heisler chart,nan,nan,nan,nan
nan,nan,ashrae 55,nan,nan,nan,nan
nan,nan,heat transfer vinyl,nan,nan,nan,nan
nan,nan,thermoregulation in human,nan,nan,nan,nan
nan,nan,perfect thermal contact,nan,nan,nan,nan
nan,nan,green's function number,nan,nan,nan,nan
nan,nan,thermal science,nan,nan,nan,nan
nan,nan,copper microgroove,nan,nan,nan,nan
nan,nan,nanofluids in solar collector,nan,nan,nan,nan
nan,nan,natural convection,nan,nan,nan,nan
nan,nan,nanofluid,nan,nan,nan,nan
nan,nan,conjugate convective heat transfer,nan,nan,nan,nan
nan,nan,heat transfer enhancement,nan,nan,nan,nan
nan,nan,copper in heat exchanger,nan,nan,nan,nan
nan,nan,earth's internal heat budget,nan,nan,nan,nan
nan,nan,thermal manikin,nan,nan,nan,nan
nan,nan,cuprobraze,nan,nan,nan,nan
nan,nan,heat spreader,nan,nan,nan,nan
nan,nan,film temperature,nan,nan,nan,nan
nan,nan,intensity (heat transfer),nan,nan,nan,nan
nan,nan,thermal contact conductance,nan,nan,nan,nan
nan,nan,double glazing,nan,nan,nan,nan
nan,nan,micro heat exchanger,nan,nan,nan,nan
nan,nan,isothermal technology,nan,nan,nan,nan
nan,nan,liquid droplet radiator,nan,nan,nan,nan
nan,nan,kleptothermy,nan,nan,nan,nan
nan,nan,egain forecasting,nan,nan,nan,nan
nan,nan,sorption calorimetry,nan,nan,nan,nan
nan,nan,cooling load,nan,nan,nan,nan
nan,nan,convective heat transfer,nan,nan,nan,nan
nan,nan,bioheat transfer,nan,nan,nan,nan
nan,nan,biothermia,nan,nan,nan,nan
nan,nan,kernel function for solving integral equation of surface radiation exchange,nan,nan,nan,nan
nan,nan,rolf heinrich sabersky,nan,nan,nan,nan
nan,nan,mesocosm,nan,nan,nan,nan
nan,nan,isothermal microcalorimetry,nan,nan,nan,nan
nan,nan,thermal lag,nan,nan,nan,nan
nan,nan,radiation property,nan,nan,nan,nan
nan,nan,gebhart factor,nan,nan,nan,nan
nan,nan,turbulent prandtl number,nan,nan,nan,nan
nan,nan,multiphase heat transfer,nan,nan,nan,nan
nan,nan,waste heat,nan,nan,nan,nan
nan,nan,heat transfer coefficient,nan,nan,nan,nan
nan,nan,ntu method,nan,nan,nan,nan
nan,nan,advection,nan,nan,nan,nan
nan,nan,heat kernel signature,nan,nan,nan,nan
nan,nan,heat transfer physic,nan,nan,nan,nan
nan,nan,radiant cooling,nan,nan,nan,nan
nan,nan,annular fin,nan,nan,nan,nan
nan,nan,hydraulic diameter,nan,nan,nan,nan
nan,nan,condenser (heat transfer),nan,nan,nan,nan
nan,nan,convection,nan,nan,nan,nan
nan,nan,decay heat,nan,nan,nan,nan
nan,nan,radiant barrier,nan,nan,nan,nan
nan,fluid mechanic,nan,nan,nan,nan,nan
nan,nan,slosh dynamic,nan,nan,nan,nan
nan,nan,fluid mechanic,nan,nan,nan,nan
nan,nan,stratified flow,nan,nan,nan,nan
nan,nan,aerostatics,nan,nan,nan,nan
nan,nan,fluid kinematics,nan,nan,nan,nan
nan,nan,specific weight,nan,nan,nan,nan
nan,nan,cutthroat flume,nan,nan,nan,nan
nan,nan,equation of state,nan,nan,nan,nan
nan,nan,laplace equation for irrotational flow,nan,nan,nan,nan
nan,nan,liquid bubble,nan,nan,nan,nan
nan,nan,shear velocity,nan,nan,nan,nan
nan,nan,equipotential surface,nan,nan,nan,nan
nan,nan,john f. brady (engineer/scientist),nan,nan,nan,nan
nan,nan,karl weissenberg,nan,nan,nan,nan
nan,nan,non ideal compressible fluid dynamic,nan,nan,nan,nan
nan,nan,taylor dispersion,nan,nan,nan,nan
nan,nan,tear of wine,nan,nan,nan,nan
nan,nan,stalagmometric method,nan,nan,nan,nan
nan,nan,reynolds transport theorem,nan,nan,nan,nan
nan,nan,pipe flow,nan,nan,nan,nan
nan,nan,kelvin wave,nan,nan,nan,nan
nan,nan,lighter than air,nan,nan,nan,nan
nan,nan,surface-tension value,nan,nan,nan,nan
nan,nan,buoyancy,nan,nan,nan,nan
nan,nan,pascal's law,nan,nan,nan,nan
nan,nan,immersed boundary method,nan,nan,nan,nan
nan,nan,venturi flume,nan,nan,nan,nan
nan,nan,hypsometric equation,nan,nan,nan,nan
nan,nan,capillary surface,nan,nan,nan,nan
nan,nan,integrated fluidic circuit,nan,nan,nan,nan
nan,nan,hough function,nan,nan,nan,nan
nan,nan,simple shear,nan,nan,nan,nan
nan,nan,flatness (liquids),nan,nan,nan,nan
nan,nan,wetting transition,nan,nan,nan,nan
nan,nan,spray (liquid drop),nan,nan,nan,nan
nan,nan,photoelectrowetting,nan,nan,nan,nan
nan,nan,dynamic fluid film equation,nan,nan,nan,nan
nan,nan,profile of equal resistance,nan,nan,nan,nan
nan,nan,shell balance,nan,nan,nan,nan
nan,nan,george constantinescu,nan,nan,nan,nan
nan,nan,national center for earth-surface dynamic,nan,nan,nan,nan
nan,nan,stochastic eulerian lagrangian method,nan,nan,nan,nan
nan,nan,velocity triangle,nan,nan,nan,nan
nan,nan,physic of fluid,nan,nan,nan,nan
nan,nan,compressible flow,nan,nan,nan,nan
nan,nan,internal flow,nan,nan,nan,nan
nan,nan,stokesian dynamic,nan,nan,nan,nan
nan,nan,very large floating structure,nan,nan,nan,nan
nan,nan,inertial wave,nan,nan,nan,nan
nan,nan,tait equation,nan,nan,nan,nan
nan,nan,quasi-geostrophic equation,nan,nan,nan,nan
nan,nan,particle-laden flow,nan,nan,nan,nan
nan,nan,pascal's barrel,nan,nan,nan,nan
nan,nan,dewetting,nan,nan,nan,nan
nan,nan,emerson cavitation tunnel,nan,nan,nan,nan
nan,nan,laminar sublayer,nan,nan,nan,nan
nan,nan,inertance,nan,nan,nan,nan
nan,nan,theory of tide,nan,nan,nan,nan
nan,nan,departure function,nan,nan,nan,nan
nan,nan,darcy friction factor formula,nan,nan,nan,nan
nan,nan,dimensionless momentum-depth relationship in open-channel flow,nan,nan,nan,nan
nan,nan,hydraulic jump in rectangular channel,nan,nan,nan,nan
nan,nan,food rheology,nan,nan,nan,nan
nan,nan,taylor column,nan,nan,nan,nan
nan,nan,milne-thomson circle theorem,nan,nan,nan,nan
nan,nan,bridge scour,nan,nan,nan,nan
nan,nan,tea leaf paradox,nan,nan,nan,nan
nan,nan,history of fluid mechanic,nan,nan,nan,nan
nan,nan,perfect fluid,nan,nan,nan,nan
nan,nan,secondary circulation,nan,nan,nan,nan
nan,nan,displacement (fluid),nan,nan,nan,nan
nan,nan,sting (fixture),nan,nan,nan,nan
nan,nan,water pipe percolator,nan,nan,nan,nan
nan,nan,cheerio effect,nan,nan,nan,nan
nan,nan,friction loss,nan,nan,nan,nan
nan,nan,rheometry,nan,nan,nan,nan
nan,nan,marangoni effect,nan,nan,nan,nan
nan,nan,free surface effect,nan,nan,nan,nan
nan,nan,open-channel flow,nan,nan,nan,nan
nan,nan,rollin film,nan,nan,nan,nan
nan,nan,hydraulic manifold,nan,nan,nan,nan
nan,nan,feynman sprinkler,nan,nan,nan,nan
nan,nan,block and bleed manifold,nan,nan,nan,nan
nan,nan,digital magnetofluidics,nan,nan,nan,nan
nan,nan,npsh,nan,nan,nan,nan
nan,nan,rayleigh flow,nan,nan,nan,nan
nan,nan,electrodipping force,nan,nan,nan,nan
nan,nan,sediment transport,nan,nan,nan,nan
nan,nan,vena contracta,nan,nan,nan,nan
nan,nan,custody transfer,nan,nan,nan,nan
nan,nan,list of fluid mechanic journal,nan,nan,nan,nan
nan,nan,total dynamic head,nan,nan,nan,nan
nan,nan,pure shear,nan,nan,nan,nan
nan,nan,flow conditioning,nan,nan,nan,nan
nan,nan,oseen's approximation,nan,nan,nan,nan
nan,nan,maximum bubble pressure method,nan,nan,nan,nan
nan,nan,z-tube,nan,nan,nan,nan
nan,nan,spinning drop method,nan,nan,nan,nan
nan,nan,kinetic inhibitor,nan,nan,nan,nan
nan,nan,nanofluids in solar collector,nan,nan,nan,nan
nan,nan,fluoroposs,nan,nan,nan,nan
nan,nan,ultrasonic nozzle,nan,nan,nan,nan
nan,nan,parachor,nan,nan,nan,nan
nan,nan,nanofluid,nan,nan,nan,nan
nan,nan,fluid dynamic gauge,nan,nan,nan,nan
nan,nan,spray characteristic,nan,nan,nan,nan
nan,nan,armand de waele,nan,nan,nan,nan
nan,nan,"flow, turbulence and combustion",nan,nan,nan,nan
nan,nan,wetting,nan,nan,nan,nan
nan,nan,d'alembert–euler condition,nan,nan,nan,nan
nan,nan,lapse rate,nan,nan,nan,nan
nan,nan,fluid–structure interaction,nan,nan,nan,nan
nan,nan,meniscus,nan,nan,nan,nan
nan,nan,parshall flume,nan,nan,nan,nan
nan,nan,liquid droplet radiator,nan,nan,nan,nan
nan,nan,jannette b. frandsen,nan,nan,nan,nan
nan,nan,cheng rotation vane,nan,nan,nan,nan
nan,nan,szyszkowski equation,nan,nan,nan,nan
nan,nan,du noüy–padday method,nan,nan,nan,nan
nan,nan,hydrostatic equilibrium,nan,nan,nan,nan
nan,nan,moens–korteweg equation,nan,nan,nan,nan
nan,nan,flownet,nan,nan,nan,nan
nan,nan,hagen–poiseuille flow from the navier–stokes equation,nan,nan,nan,nan
nan,nan,rolf heinrich sabersky,nan,nan,nan,nan
nan,nan,non-dimensionalization and scaling of the navier–stokes equation,nan,nan,nan,nan
nan,nan,free surface,nan,nan,nan,nan
nan,nan,energy–depth relationship in a rectangular channel,nan,nan,nan,nan
nan,nan,explicit algebraic stress model,nan,nan,nan,nan
nan,nan,pressure,nan,nan,nan,nan
nan,nan,surface tension,nan,nan,nan,nan
nan,nan,dynamic shear rheometer,nan,nan,nan,nan
nan,nan,rossby wave,nan,nan,nan,nan
nan,nan,manifold (fluid mechanics),nan,nan,nan,nan
nan,nan,contact angle,nan,nan,nan,nan
nan,nan,coffee ring effect,nan,nan,nan,nan
nan,nan,eugene c. bingham,nan,nan,nan,nan
nan,nan,standard step method,nan,nan,nan,nan
nan,nan,large eddy simulation,nan,nan,nan,nan
nan,nan,magnetic resonance velocimetry,nan,nan,nan,nan
nan,nan,hydraulics,nan,nan,nan,nan
nan,nan,coastal sediment transport,nan,nan,nan,nan
nan,nan,nozzle,nan,nan,nan,nan
nan,nan,convection,nan,nan,nan,nan
nan,nan,tubular pinch effect,nan,nan,nan,nan
nan,nan,fluid dynamic,nan,nan,nan,nan
nan,nan,velocity gradient,nan,nan,nan,nan
nan,nan,hemodynamics,nan,nan,nan,nan
nan,nan,fluid flow through porous medium,nan,nan,nan,nan
nan,nan,incompressible flow,nan,nan,nan,nan
nan,nan,advanced simulation library,nan,nan,nan,nan
physical quantity,nan,nan,nan,nan,nan,nan
nan,temperature,nan,nan,nan,nan,nan
nan,nan,room temperature,nan,nan,nan,298 k
nan,nan,nan,nan,nan,nan,ambient temperature
nan,nan,nan,nan,nan,nan,ambient tempreture
nan,nan,nan,nan,nan,nan,room temp
nan,nan,nan,nan,nan,nan,room temperature and pressure
nan,relative humidity,nan,nan,nan,nan,nan
nan,dewpoint,nan,nan,nan,nan,nan
nan,weight,nan,nan,nan,nan,nan
nan,condensation,nan,nan,nan,nan,nan
nan,moisture,nan,nan,nan,nan,nan
nan,speed,nan,nan,nan,nan,nan
computer science,nan,nan,nan,nan,nan,nan
nan,artificial intelligence,nan,nan,nan,nan,nan
nan,nan,machine learning,nan,nan,nan,nan
nan,nan,nan,supervised learning,nan,nan,nan
nan,nan,nan,nan,gradient boosting algorithm,nan,nan
nan,nan,nan,nan,classificaition,nan,nan
nan,nan,nan,nan,nan,support vector machine,nan
nan,nan,nan,nan,nan,neural network,nan
nan,nan,nan,nan,nan,knn,knn (disambiguation)
nan,nan,nan,unsupervised learning,nan,nan,nan
nan,nan,nan,nan,k-means clustering,nan,nan
nan,nan,nan,deep learning,nan,nan,nan
nan,nan,computer vision,nan,nan,nan,nan
nan,nan,nan,neighborhood operation,nan,nan,nan
nan,nan,nan,color histogram,nan,nan,nan
nan,nan,nan,connected-component labeling,nan,nan,nan
nan,nan,nan,pose (computer vision),nan,nan,nan
nan,nan,nan,condensation algorithm,nan,nan,nan
nan,nan,nan,geometric hashing,nan,nan,nan
nan,nan,nan,poisson image editing,nan,nan,nan
nan,nan,nan,image formation,nan,nan,nan
nan,nan,nan,randomized hough transform,nan,nan,nan
nan,nan,nan,photo-consistency,nan,nan,nan
nan,nan,nan,color normalization,nan,nan,nan
nan,nan,nan,document mosaicing,nan,nan,nan
nan,nan,nan,multi-scale approach,nan,nan,nan
nan,nan,nan,structured-light 3d scanner,nan,nan,nan
nan,nan,nan,object detection,nan,nan,nan
nan,nan,nan,background subtraction,nan,nan,nan
nan,nan,nan,automated imaging association,nan,nan,nan
nan,nan,nan,scale space implementation,nan,nan,nan
nan,nan,nan,image analysis,nan,nan,nan
nan,nan,nan,scale-space axiom,nan,nan,nan
nan,nan,nan,image fusion,nan,nan,nan
nan,nan,nan,binocular disparity,nan,nan,nan
nan,nan,nan,stereo camera,nan,nan,nan
nan,nan,nan,list of computer vision topic,nan,nan,nan
nan,nan,nan,spatial verification,nan,nan,nan
nan,nan,nan,statistical shape analysis,nan,nan,nan
nan,nan,nan,landmark point,nan,nan,nan
nan,nan,nan,graph cut in computer vision,nan,nan,nan
nan,nan,nan,joint compatibility branch and bound,nan,nan,nan
nan,nan,nan,boustrophedon cell decomposition,nan,nan,nan
nan,nan,nan,3d reconstruction from multiple image,nan,nan,nan
nan,nan,nan,mean shift,nan,nan,nan
nan,nan,nan,local ternary pattern,nan,nan,nan
nan,nan,nan,patchmatch,nan,nan,nan
nan,nan,nan,visual servoing,nan,nan,nan
nan,nan,nan,cyclodisparity,nan,nan,nan
nan,nan,nan,contextual image classification,nan,nan,nan
nan,nan,nan,visual descriptor,nan,nan,nan
nan,nan,nan,relaxation labelling,nan,nan,nan
nan,nan,nan,underwater computer vision,nan,nan,nan
nan,nan,nan,glossary of machine vision,nan,nan,nan
nan,nan,nan,video sequence saliency map,nan,nan,nan
nan,nan,nan,ortho3d,nan,nan,nan
nan,nan,nan,n-jet,nan,nan,nan
nan,nan,nan,orientation (computer vision),nan,nan,nan
nan,nan,nan,active vision,nan,nan,nan
nan,nan,nan,articulated body pose estimation,nan,nan,nan
nan,nan,nan,project tango,nan,nan,nan
nan,nan,nan,point set registration,nan,nan,nan
nan,nan,nan,cuboid (computer vision),nan,nan,nan
nan,nan,nan,orcam device,nan,nan,nan
nan,nan,nan,photometric stereo,nan,nan,nan
nan,nan,nan,m-theory (learning framework),nan,nan,nan
nan,nan,nan,digital image processing,nan,nan,nan
nan,nan,nan,texton,nan,nan,nan
nan,nan,nan,extensible device metadata,nan,nan,nan
nan,nan,nan,scale space,nan,nan,nan
nan,nan,nan,alignment of random point,nan,nan,nan
nan,nan,nan,face recognition,nan,nan,nan
nan,nan,nan,machine vision,nan,nan,nan
nan,nan,nan,pyramid (image processing),nan,nan,nan
nan,nan,nan,active appearance model,nan,nan,nan
nan,nan,nan,phase congruency,nan,nan,nan
nan,nan,nan,image registration,nan,nan,nan
nan,nan,nan,phase correlation,nan,nan,nan
nan,nan,nan,point distribution model,nan,nan,nan
nan,nan,nan,active contour model,nan,nan,nan
nan,nan,nan,captcha,nan,nan,nan
nan,nan,nan,image moment,nan,nan,nan
nan,nan,nan,shape context,nan,nan,nan
nan,nan,nan,code recognition,nan,nan,nan
nan,nan,nan,character recognition,nan,nan,nan
nan,nan,nan,3d pose estimation,nan,nan,nan
nan,nan,nan,person detection algorithm,nan,nan,nan
nan,nan,nan,3d data acquisition and object reconstruction,nan,nan,nan
nan,nan,nan,image recognition,nan,nan,nan
nan,nan,nan,eigenmoments,nan,nan,nan
nan,nan,nan,thermal imaging,nan,nan,nan
nan,nan,nan,vibe,nan,nan,nan
nan,nan,nan,active shape model,nan,nan,nan
nan,nan,nan,intrinsic dimension,nan,nan,nan
nan,nan,nan,edge detection,nan,nan,nan
nan,natural language processing,nan,nan,nan,nan,nan
nan,nan,languageware,nan,nan,nan,nan
nan,nan,terminology extraction,nan,nan,nan,nan
nan,nan,morphological pattern,nan,nan,nan,nan
nan,nan,linguistic issue in language technology,nan,nan,nan,nan
nan,nan,language computer corporation,nan,nan,nan,nan
nan,nan,stemming,nan,nan,nan,nan
nan,nan,shrdlu,nan,nan,nan,nan
nan,nan,cloem,nan,nan,nan,nan
nan,nan,spell checker,nan,nan,nan,nan
nan,nan,attempto controlled english,nan,nan,nan,nan
nan,nan,bulgarian national corpus,nan,nan,nan,nan
nan,nan,information retrieval,nan,nan,nan,nan
nan,nan,automatic summarization,nan,nan,nan,nan
nan,nan,language identification,nan,nan,nan,nan
nan,nan,people pattern,nan,nan,nan,nan
nan,nan,afnlp,nan,nan,nan,nan
nan,nan,text simplification,nan,nan,nan,nan
nan,nan,paco nathan,nan,nan,nan,nan
nan,nan,machine translation software usability,nan,nan,nan,nan
nan,nan,spl notation,nan,nan,nan,nan
nan,nan,logic form,nan,nan,nan,nan
nan,nan,lexxe,nan,nan,nan,nan
nan,nan,affix grammar over a finite lattice,nan,nan,nan,nan
nan,nan,natural language understanding,nan,nan,nan,nan
nan,nan,rouge (metric),nan,nan,nan,nan
nan,nan,trigram,nan,nan,nan,nan
nan,nan,cross-language information retrieval,nan,nan,nan,nan
nan,nan,robby garner,nan,nan,nan,nan
nan,nan,sentence extraction,nan,nan,nan,nan
nan,nan,latent semantic mapping,nan,nan,nan,nan
nan,nan,cmu pronouncing dictionary,nan,nan,nan,nan
nan,nan,gorn address,nan,nan,nan,nan
nan,nan,generif,nan,nan,nan,nan
nan,nan,grammar induction,nan,nan,nan,nan
nan,nan,triphone,nan,nan,nan,nan
nan,nan,concept mining,nan,nan,nan,nan
nan,nan,computational semantics,nan,nan,nan,nan
nan,nan,recursive transition network,nan,nan,nan,nan
nan,nan,multi-document summarization,nan,nan,nan,nan
nan,nan,w-shingling,nan,nan,nan,nan
nan,nan,lesk algorithm,nan,nan,nan,nan
nan,nan,predictive text,nan,nan,nan,nan
nan,nan,natural language processing,nan,nan,nan,nan
nan,nan,propbank,nan,nan,nan,nan
nan,nan,chasen,nan,nan,nan,nan
nan,nan,study in natural language processing,nan,nan,nan,nan
nan,nan,meteor,nan,nan,nan,nan
nan,nan,etblast,nan,nan,nan,nan
nan,nan,sukhotin's algorithm,nan,nan,nan,nan
nan,nan,aggregation (linguistics),nan,nan,nan,nan
nan,nan,realization (linguistics),nan,nan,nan,nan
nan,nan,history of natural language processing,nan,nan,nan,nan
nan,nan,automatic acquisition of sense-tagged corpus,nan,nan,nan,nan
nan,nan,vocabulary mismatch,nan,nan,nan,nan
nan,nan,explicit semantic analysis,nan,nan,nan,nan
nan,nan,entity linking,nan,nan,nan,nan
nan,nan,lkb,nan,nan,nan,nan
nan,nan,outline of natural language processing,nan,nan,nan,nan
nan,nan,natural language programming,nan,nan,nan,nan
nan,nan,international conference on language resource and evaluation,nan,nan,nan,nan
nan,nan,calais (reuters product),nan,nan,nan,nan
nan,nan,teragram corporation,nan,nan,nan,nan
nan,nan,discourse relation,nan,nan,nan,nan
nan,nan,frederick j. damerau,nan,nan,nan,nan
nan,nan,news analytics,nan,nan,nan,nan
nan,nan,document structuring,nan,nan,nan,nan
nan,nan,nooj,nan,nan,nan,nan
nan,nan,rule-based machine translation,nan,nan,nan,nan
nan,nan,content determination,nan,nan,nan,nan
nan,nan,lessac technology,nan,nan,nan,nan
nan,nan,natural language user interface,nan,nan,nan,nan
nan,nan,grammar checker,nan,nan,nan,nan
nan,nan,bigram,nan,nan,nan,nan
nan,nan,document-term matrix,nan,nan,nan,nan
nan,nan,syntax guessing,nan,nan,nan,nan
nan,nan,multilingual notation,nan,nan,nan,nan
nan,nan,bag-of-words model,nan,nan,nan,nan
nan,nan,lexical markup framework,nan,nan,nan,nan
nan,nan,ontology learning,nan,nan,nan,nan
nan,nan,filtered-popping recursive transition network,nan,nan,nan,nan
nan,nan,referring expression generation,nan,nan,nan,nan
nan,nan,production (computer science),nan,nan,nan,nan
nan,nan,delph-in,nan,nan,nan,nan
nan,nan,natural language,nan,nan,nan,nan
nan,nan,semantic compression,nan,nan,nan,nan
nan,nan,language technology,nan,nan,nan,nan
nan,nan,naomi sager,nan,nan,nan,nan
nan,nan,text mining,nan,nan,nan,nan
nan,nan,claw (linguistics),nan,nan,nan,nan
nan,nan,powerset (company),nan,nan,nan,nan
nan,nan,medical intelligence and language engineering lab,nan,nan,nan,nan
nan,nan,latent semantic analysis,nan,nan,nan,nan
nan,nan,temporal annotation,nan,nan,nan,nan
nan,nan,phrase structure grammar,nan,nan,nan,nan
nan,nan,word-sense disambiguation,nan,nan,nan,nan
nan,nan,abzooba,nan,nan,nan,nan
nan,nan,marec,nan,nan,nan,nan
nan,nan,legal information retrieval,nan,nan,nan,nan
nan,nan,tiptop technology,nan,nan,nan,nan
nan,nan,transderivational search,nan,nan,nan,nan
nan,nan,lexical substitution,nan,nan,nan,nan
nan,nan,naive semantics,nan,nan,nan,nan
nan,nan,cache language model,nan,nan,nan,nan
nan,nan,attensity,nan,nan,nan,nan
nan,nan,n-gram,nan,nan,nan,nan
nan,nan,lexalytics,nan,nan,nan,nan
nan,nan,dragomir r. radev,nan,nan,nan,nan
nan,nan,kleene star,nan,nan,nan,nan
nan,nan,string kernel,nan,nan,nan,nan
nan,nan,opennlp,nan,nan,nan,nan
nan,nan,iglue,nan,nan,nan,nan
nan,nan,semantic analysis (computational),nan,nan,nan,nan
nan,nan,semeval,nan,nan,nan,nan
nan,nan,modular audio recognition framework,nan,nan,nan,nan
nan,nan,tehran monolingual corpus,nan,nan,nan,nan
nan,nan,controlled natural language,nan,nan,nan,nan
nan,nan,native-language identification,nan,nan,nan,nan
nan,nan,text retrieval conference,nan,nan,nan,nan
nan,nan,minimal recursion semantics,nan,nan,nan,nan
nan,nan,tatoeba,nan,nan,nan,nan
nan,nan,classic monolingual word-sense disambiguation,nan,nan,nan,nan
nan,nan,datr,nan,nan,nan,nan
nan,nan,artificial solution,nan,nan,nan,nan
nan,nan,natural language toolkit,nan,nan,nan,nan
nan,nan,netowl,nan,nan,nan,nan
nan,nan,brill tagger,nan,nan,nan,nan
nan,nan,automatic acquisition of lexicon,nan,nan,nan,nan
nan,nan,william aaron wood,nan,nan,nan,nan
nan,nan,automated essay scoring,nan,nan,nan,nan
nan,nan,"netbase solutions, inc.",nan,nan,nan,nan
nan,nan,text normalization,nan,nan,nan,nan
nan,nan,example-based machine translation,nan,nan,nan,nan
nan,nan,lexical simplification,nan,nan,nan,nan
nan,nan,deep linguistic processing,nan,nan,nan,nan
nan,nan,automatic taxonomy construction,nan,nan,nan,nan
nan,nan,sentiment analysis,nan,nan,nan,nan
nan,nan,deeplearning4j,nan,nan,nan,nan
nan,nan,t9 (predictive text),nan,nan,nan,nan
nan,nan,just this once,nan,nan,nan,nan
nan,nan,list of text corpus,nan,nan,nan,nan
nan,nan,word-sense induction,nan,nan,nan,nan
nan,nan,empirical method in natural language processing,nan,nan,nan,nan
nan,nan,lexical choice,nan,nan,nan,nan
nan,nan,averbis,nan,nan,nan,nan
nan,nan,question answering,nan,nan,nan,nan
nan,nan,meaningcloud,nan,nan,nan,nan
nan,nan,lre map,nan,nan,nan,nan
nan,nan,livac synchronous corpus,nan,nan,nan,nan
nan,nan,noisy text analytics,nan,nan,nan,nan
nan,nan,history of machine translation,nan,nan,nan,nan
nan,nan,bulsemcor,nan,nan,nan,nan
nan,nan,hybrid machine translation,nan,nan,nan,nan
nan,nan,clearforest,nan,nan,nan,nan
nan,nan,keyword extraction,nan,nan,nan,nan
nan,nan,semantic neural network,nan,nan,nan,nan
nan,nan,sayre's paradox,nan,nan,nan,nan
nan,nan,semantic analytics,nan,nan,nan,nan
nan,nan,autindex,nan,nan,nan,nan
nan,nan,grammatik,nan,nan,nan,nan
nan,nan,text graph,nan,nan,nan,nan
nan,nan,speech segmentation,nan,nan,nan,nan
nan,nan,information extraction,nan,nan,nan,nan
nan,nan,document classification,nan,nan,nan,nan
nan,computing platform,nan,nan,nan,nan,nan
nan,nan,closed platform,nan,nan,nan,nan
nan,nan,kylin (operating system),nan,nan,nan,nan
nan,nan,freebsd,nan,nan,nan,nan
nan,nan,java (software platform),nan,nan,nan,nan
nan,nan,advanced comprehensive operating system,nan,nan,nan,nan
nan,nan,rhomobile suite,nan,nan,nan,nan
nan,nan,open platform,nan,nan,nan,nan
nan,nan,yield method,nan,nan,nan,nan
nan,nan,commodity computing,nan,nan,nan,nan
nan,nan,phoneme,nan,nan,nan,nan
nan,nan,fanrocket,nan,nan,nan,nan
nan,nan,apache wave,nan,nan,nan,nan
nan,nan,tensorflow,nan,nan,nan,distbelief
nan,nan,icl series 39,nan,nan,nan,nan
nan,nan,ibm system/360 architecture,nan,nan,nan,nan
nan,nan,ibm system/370,nan,nan,nan,nan
nan,nan,funkos,nan,nan,nan,nan
nan,nan,ibm system/360,nan,nan,nan,nan
nan,nan,4kdownload,nan,nan,nan,nan
nan,nan,blackberry tablet o,nan,nan,nan,nan
nan,nan,"java platform, enterprise edition",nan,nan,nan,nan
nan,nan,research unix,nan,nan,nan,nan
nan,nan,icl 2900 series,nan,nan,nan,nan
nan,nan,java ee version history,nan,nan,nan,nan
nan,nan,minix 3,nan,nan,nan,nan
nan,nan,"java platform, standard edition",nan,nan,nan,nan
nan,nan,clickonce,nan,nan,nan,nan
nan,nan,plan 9 from bell lab,nan,nan,nan,nan
nan,nan,computing platform,nan,nan,nan,nan
nan,nan,.net framework,nan,nan,nan,nan
nan,nan,ibm esa/390,nan,nan,nan,nan
nan,nan,cross-platform,nan,nan,nan,nan
nan,nan,sco skunkware,nan,nan,nan,nan
nan,nan,epic (form factor),nan,nan,nan,nan
nan,nan,.net framework version history,nan,nan,nan,nan
nan,nan,comparison of operating system kernel,nan,nan,nan,nan
nan,nan,cisco eos,nan,nan,nan,nan
nan,nan,wintel,nan,nan,nan,nan
nan,nan,song (kaist) – iyengar (lsu) mobicon middleware computing platform,nan,nan,nan,nan
nan,nan,kune (software),nan,nan,nan,nan
nan,nan,onlinehpc,nan,nan,nan,nan
nan,nan,osv,nan,nan,nan,nan
nan,nan,smallest federated wiki,nan,nan,nan,nan
nan,nan,webinos,nan,nan,nan,nan
nan,nan,linux,nan,nan,nan,nan
nan,nan,"java platform, micro edition",nan,nan,nan,nan
nan,nan,qnx,nan,nan,nan,nan
nan,nan,mono (software),nan,nan,nan,nan
nan,nan,run time (program lifecycle phase),nan,nan,nan,nan
nan,nan,wine (software),nan,nan,nan,nan
nan,nan,marionnet,nan,nan,nan,nan
nan,nan,genus (operating system),nan,nan,nan,nan
nan,nan,window 9x,nan,nan,nan,nan
nan,nan,ibm system/360 model 67,nan,nan,nan,nan
nan,nan,linux range of use,nan,nan,nan,nan
nan,nan,columbia cycada,nan,nan,nan,nan
nan,nan,third platform,nan,nan,nan,nan
nan,nan,bacatec,nan,nan,nan,nan
nan,nan,opinit,nan,nan,nan,nan
nan,nan,unetix,nan,nan,nan,nan
nan,nan,bluekai,nan,nan,nan,nan
nan,nan,joinup collaboration platform,nan,nan,nan,nan
nan,nan,nox (platform),nan,nan,nan,nan
nan,nan,execution model,nan,nan,nan,nan
nan,nan,runtime system,nan,nan,nan,nan
nan,nan,scenechronize,nan,nan,nan,nan
nan,nan,sigar (software),nan,nan,nan,nan
nan,nan,dotgnu,nan,nan,nan,nan
nan,nan,moorestown (computing platform),nan,nan,nan,nan
nan,nan,java performance,nan,nan,nan,nan
nan,nan,information server,nan,nan,nan,nan
nan,nan,pnetc,nan,nan,nan,nan
nan,nan,darling (software),nan,nan,nan,nan
nan,nan,ibm future system project,nan,nan,nan,nan
nan,nan,integrated digital platform,nan,nan,nan,nan
nan,nan,e (operating system),nan,nan,nan,nan
nan,nan,aggregate platform,nan,nan,nan,nan
nan,programming lanuguages,nan,nan,nan,nan,nan
nan,nan,python,nan,nan,nan,nan
nan,nan,nan,django,nan,nan,nan
nan,augmented reality,nan,nan,nan,nan,nan
nan,cloud computing,nan,nan,nan,nan,nan
ict,nan,nan,nan,nan,nan,nan
nan,device,nan,nan,nan,nan,nan
nan,nan,thermistor,nan,nan,nan,ntc thermistor
nan,nan,nan,nan,nan,nan,posistor
nan,nan,nan,nan,nan,nan,ptc thermistor
nan,nan,nan,nan,nan,nan,silistor
nan,nan,nan,nan,nan,nan,thermister
nan,nan,nan,nan,nan,nan,thermistors
nan,nan,nan,nan,nan,nan,thermoresistor
nan,nan,controller,nan,nan,nan,nan
nan,nan,nan,pulse-width modulation,nan,nan,pulse duration modulation
nan,nan,nan,nan,nan,nan,pulse width
nan,nan,nan,nan,nan,nan,pulse width modulation
nan,nan,nan,nan,nan,nan,pulse width modulator
nan,nan,nan,nan,nan,nan,pulse-duration modulation
nan,nan,nan,nan,nan,nan,pulse-width modulation integrated circuit
nan,nan,nan,nan,nan,nan,pulse-width modulator
nan,nan,nan,nan,nan,nan,pulsewidth modulation
nan,nan,nan,nan,nan,nan,pwmic
nan,nan,nan,nan,nan,nan,time proportioning
nan,nan,nan,encoders,nan,nan,nan
nan,nan,nan,relay,nan,nan,nan
nan,nan,nan,digital controller,nan,nan,nan
nan,nan,nan,logic controller,nan,nan,nan
nan,nan,battery,nan,nan,nan,nan
nan,nan,transformer,nan,nan,nan,nan
nan,nan,timer,nan,nan,nan,nan
nan,nan,fire alarm,nan,nan,nan,nan
nan,nan,ic 555,nan,nan,nan,nan
nan,nan,alarm,nan,nan,nan,nan
nan,nan,laser,nan,nan,nan,nan
nan,nan,led light,nan,nan,nan,nan
nan,nan,thermostat,nan,nan,nan,nan
nan,nan,demodulator,nan,nan,nan,nan
nan,nan,idr voltage regulator,nan,nan,nan,nan
nan,nan,microphone,nan,nan,nan,nan
nan,nan,capacitor,nan,nan,nan,nan
nan,nan,tachometer,nan,nan,nan,nan
nan,nan,solar tracker,nan,nan,nan,nan
nan,nan,ldr,nan,nan,nan,nan
nan,nan,gsm module,nan,nan,nan,nan
nan,nan,street light,nan,nan,nan,nan
nan,nan,android phone,nan,nan,nan,nan
nan,communication,nan,nan,nan,nan,nan
nan,nan,dissemination,nan,nan,nan,nan
nan,nan,internal market information system,nan,nan,nan,nan
nan,nan,litigation public relation,nan,nan,nan,nan
nan,nan,end of message,nan,nan,nan,nan
nan,nan,autocommunication,nan,nan,nan,nan
nan,nan,internal communication,nan,nan,nan,nan
nan,nan,asynchrony,nan,nan,nan,nan
nan,nan,dropout (communications),nan,nan,nan,nan
nan,nan,interpreting note,nan,nan,nan,nan
nan,nan,sliding window protocol,nan,nan,nan,nan
nan,nan,visual language,nan,nan,nan,nan
nan,nan,sexting,nan,nan,nan,nan
nan,nan,signifyin',nan,nan,nan,nan
nan,nan,propaganda,nan,nan,nan,nan
nan,nan,many-to-many,nan,nan,nan,nan
nan,nan,social peer-to-peer process,nan,nan,nan,nan
nan,nan,intelligibility (communication),nan,nan,nan,nan
nan,nan,communication complexity,nan,nan,nan,nan
nan,nan,contra principia negantem non est disputandum,nan,nan,nan,nan
nan,nan,bohm dialogue,nan,nan,nan,nan
nan,nan,dissimulation,nan,nan,nan,nan
nan,nan,inoculation theory,nan,nan,nan,nan
nan,nan,emotional intimacy,nan,nan,nan,nan
nan,nan,loaded language,nan,nan,nan,nan
nan,nan,intimate medium,nan,nan,nan,nan
nan,nan,speech transmission index,nan,nan,nan,nan
nan,nan,recording format,nan,nan,nan,nan
nan,nan,prooftext,nan,nan,nan,nan
nan,nan,social comparison theory,nan,nan,nan,nan
nan,nan,hybrid mail,nan,nan,nan,nan
nan,nan,liaison officer,nan,nan,nan,nan
nan,nan,t.38,nan,nan,nan,nan
nan,nan,detection,nan,nan,nan,nan
nan,nan,deliberative democracy,nan,nan,nan,nan
nan,nan,interactive communication,nan,nan,nan,nan
nan,nan,network of practice,nan,nan,nan,nan
nan,nan,deception,nan,nan,nan,nan
nan,nan,institutional repository,nan,nan,nan,nan
nan,nan,transderivational search,nan,nan,nan,nan
nan,nan,heritage interpretation,nan,nan,nan,nan
nan,nan,exformation,nan,nan,nan,nan
nan,nan,social constructionism,nan,nan,nan,nan
nan,nan,word of mouth,nan,nan,nan,nan
nan,nan,communication source,nan,nan,nan,nan
nan,nan,medium (communication),nan,nan,nan,nan
nan,nan,stimulus protocol,nan,nan,nan,nan
nan,nan,exhibition,nan,nan,nan,nan
nan,nan,four-sides model,nan,nan,nan,nan
nan,nan,interaction,nan,nan,nan,nan
nan,nan,learning organization,nan,nan,nan,nan
nan,nan,content format,nan,nan,nan,nan
nan,nan,informational listening,nan,nan,nan,nan
nan,nan,strategic talk,nan,nan,nan,nan
nan,nan,notation,nan,nan,nan,nan
nan,nan,public relation,nan,nan,nan,nan
nan,nan,summit series (conference),nan,nan,nan,nan
nan,nan,quotation,nan,nan,nan,nan
nan,nan,ardois light system,nan,nan,nan,nan
nan,nan,translation,nan,nan,nan,nan
nan,nan,communication theory,nan,nan,nan,nan
nan,nan,audience reception,nan,nan,nan,nan
nan,nan,nan,nan,nan,nan,nan
nan,nan,communication for development,nan,nan,nan,nan
nan,nan,source credibility,nan,nan,nan,nan
nan,nan,message,nan,nan,nan,nan
nan,nan,zumbox,nan,nan,nan,nan
nan,nan,news,nan,nan,nan,nan
nan,nan,emotional labor,nan,nan,nan,nan
nan,nan,eprint,nan,nan,nan,nan
nan,nan,integrated marketing communication,nan,nan,nan,nan
nan,nan,love letter,nan,nan,nan,nan
nan,nan,spiral of silence,nan,nan,nan,nan
nan,nan,facilitated communication,nan,nan,nan,nan
nan,nan,friendship book,nan,nan,nan,nan
nan,nan,model of communication,nan,nan,nan,nan
nan,nan,nonviolent communication,nan,nan,nan,nan
nan,nan,bacnet,nan,nan,nan,nan
nan,nan,symbolic convergence theory,nan,nan,nan,nan
nan,nan,coherence time (communications systems),nan,nan,nan,nan
nan,nan,service-oriented communication,nan,nan,nan,nan
nan,nan,outline of communication,nan,nan,nan,nan
nan,nan,two-way communication,nan,nan,nan,nan
nan,nan,mediology,nan,nan,nan,nan
nan,nan,logosphere,nan,nan,nan,nan
nan,nan,message in a bottle,nan,nan,nan,nan
nan,nan,psychorama,nan,nan,nan,nan
nan,nan,synchronization (computer science),nan,nan,nan,nan
nan,nan,lateral communication,nan,nan,nan,nan
nan,nan,behavioral communication,nan,nan,nan,nan
nan,nan,gender advertisement,nan,nan,nan,nan
nan,programmable device,nan,nan,nan,nan,nan
nan,nan,atmega16,nan,nan,nan,nan
nan,nan,microcontroller,nan,nan,nan,nan
nan,nan,arduino,nan,nan,nan,nan
nan,internet of thing,nan,nan,nan,nan,iot
nan,nan,nan,nan,nan,nan,iot
nan,nan,automatic irrigation system,nan,nan,nan,nan
nan,nan,connectivity,nan,nan,nan,nan
nan,nan,nan,wifi,nan,nan,nan
nan,nan,nan,local area network,nan,nan,nan
nan,nan,nan,bluetooth,nan,nan,nan
nan,nan,nan,smartphone,nan,nan,nan
nan,nan,smart dustbin,nan,nan,nan,nan
nan,nan,smart home,nan,nan,nan,home automation
nan,nan,data processing,nan,nan,nan,nan
nan,nan,nan,geobase (geospatial data),nan,nan,canadian geographic names database
nan,nan,nan,nan,nan,nan,canadian geographical names data base
nan,nan,nan,nan,nan,nan,cgndb
nan,nan,autonomous car,nan,nan,nan,nan
nan,nan,user interface,nan,nan,nan,nan
nan,nan,nan,lcd screen,nan,nan,nan
nan,nan,surveillance,nan,nan,nan,surveillance technology
nan,nan,nan,camera,nan,nan,nan
nan,nan,nan,nan,video surveillance camera,nan,nan
nan,nan,nan,nan,vision camera,nan,nan
nan,nan,wireless sensor network,nan,nan,nan,nan
nan,nan,nan,dash7,nan,nan,nan
nan,nan,nan,greenpeak technology,nan,nan,nan
nan,nan,nan,wirelesshart,nan,nan,nan
nan,nan,nan,wireless identification and sensing platform,nan,nan,nan
nan,nan,nan,distributed source coding,nan,nan,nan
nan,nan,nan,ant+,nan,nan,nan
nan,nan,nan,insteon,nan,nan,nan
nan,nan,nan,wide area tracking system,nan,nan,nan
nan,nan,nan,location estimation in sensor network,nan,nan,nan
nan,nan,nan,dust network,nan,nan,nan
nan,nan,nan,xbee,nan,nan,nan
nan,nan,nan,liteos,nan,nan,nan
nan,nan,nan,osian,nan,nan,nan
nan,nan,nan,powwow,nan,nan,nan
nan,nan,nan,mobile wireless sensor network,nan,nan,nan
nan,nan,nan,ieee 1902.1,nan,nan,nan
nan,nan,nan,anaren,nan,nan,nan
nan,nan,nan,virtual sensor network,nan,nan,nan
nan,nan,nan,isa100.11a,nan,nan,nan
nan,nan,nan,list of wireless sensor node,nan,nan,nan
nan,nan,nan,wireless sensor network,nan,nan,nan
nan,nan,nan,nesc,nan,nan,nan
nan,nan,nan,sensor network query processor,nan,nan,nan
nan,nan,nan,sentroller,nan,nan,nan
nan,nan,nan,secure data aggregation in wsn,nan,nan,nan
nan,nan,nan,low-energy adaptive clustering hierarchy,nan,nan,nan
nan,nan,nan,sensor node,nan,nan,nan
nan,nan,nan,openwsn,nan,nan,nan
nan,nan,nan,topology control,nan,nan,nan
nan,nan,nan,sun spot,nan,nan,nan
nan,nan,nan,discus,nan,nan,nan
nan,nan,nan,insteon (company),nan,nan,nan
nan,nan,nan,sensor observation service,nan,nan,nan
nan,nan,nan,ambient backscatter,nan,nan,nan
nan,nan,nan,ant (network),nan,nan,nan
nan,nan,nan,event detection for wsn,nan,nan,nan
nan,nan,nan,neurfon,nan,nan,nan
nan,nan,nan,smartdust,nan,nan,nan
nan,nan,nan,wireless powerline sensor,nan,nan,nan
nan,nan,nan,modulo-n code,nan,nan,nan
nan,nan,nan,conference on embedded networked sensor system,nan,nan,nan
nan,nan,nan,european conference on wireless sensor network,nan,nan,nan
nan,nan,nan,linear network coding,nan,nan,nan
nan,nan,nan,tsmp,nan,nan,nan
nan,nan,nan,visual sensor network,nan,nan,nan
nan,nan,nan,daintree network,nan,nan,nan
nan,nan,nan,international conference on information processing in sensor network,nan,nan,nan
nan,nan,nan,multiple access with collision avoidance for wireless,nan,nan,nan
nan,nan,nan,nano-rk,nan,nan,nan
nan,nan,nan,digi international,nan,nan,nan
nan,nan,nan,sensor grid,nan,nan,nan
nan,nan,smart city,nan,nan,nan,nan
nan,nan,wearable technology,nan,nan,nan,nan
nan,nan,sensor,nan,nan,nan,nan
nan,nan,nan,color sensor,nan,nan,nan
nan,nan,nan,fire sensor,nan,nan,nan
nan,nan,nan,contact sensor,nan,nan,nan
nan,nan,nan,temperature measurement,nan,nan,nan
nan,nan,nan,nan,thermocouple,nan,nan
nan,nan,nan,kinect sensor,nan,nan,nan
nan,nan,nan,piezoelectric sensor,nan,nan,piezo disk
nan,nan,nan,nan,nan,nan,piezo electric transducer
nan,nan,nan,nan,nan,nan,piezoelecric sensor
nan,nan,nan,nan,nan,nan,piezoelectric pressure sensors for engine indicating
nan,nan,nan,nan,nan,nan,piezoelectric sensors
nan,nan,nan,torque sensor,nan,nan,nan
nan,nan,nan,passive infrared sensor,nan,nan,infrared motion detector
nan,nan,nan,nan,nan,nan,passive infrared detector
nan,nan,nan,nan,nan,nan,passive infrared sensors
nan,nan,nan,nan,nan,nan,passive infrared sensors
nan,nan,nan,nan,nan,nan,pir sensor
nan,nan,nan,magnetic sensor,nan,nan,nan
nan,nan,nan,analog sensor,nan,nan,nan
nan,nan,nan,proximity sensor,nan,nan,prox switch
nan,nan,nan,nan,nan,nan,proximity detector
nan,nan,nan,nan,nan,nan,proximity sensors
nan,nan,nan,nan,nan,nan,proximity switch
nan,nan,nan,hygrometer,nan,nan,nan
nan,nan,nan,ir detector,nan,nan,nan
nan,nan,nan,strain gauge,nan,nan,nan
nan,nan,nan,light sensor,nan,nan,nan
nan,nan,nan,moisture sensor,nan,nan,nan
nan,nan,nan,actuator,nan,nan,nan
nan,nan,rfid,nan,nan,nan,nan
nan,nan,gps,nan,nan,nan,nan
nan,network,nan,nan,nan,nan,nan
nan,nan,real user monitoring,nan,nan,nan,nan
nan,nan,upstream server,nan,nan,nan,nan
nan,nan,opengear,nan,nan,nan,nan
nan,nan,ip exchange,nan,nan,nan,nan
nan,nan,netexpert,nan,nan,nan,nan
nan,nan,ipanema technology,nan,nan,nan,nan
nan,nan,netxms,nan,nan,nan,nan
nan,nan,automounter,nan,nan,nan,nan
nan,nan,cramer system,nan,nan,nan,nan
nan,nan,ip virtual server,nan,nan,nan,nan
nan,nan,solarwinds,nan,nan,nan,nan
nan,nan,calstats,nan,nan,nan,nan
nan,nan,lanhelper,nan,nan,nan,nan
nan,nan,log management knowledge base,nan,nan,nan,nan
nan,nan,universal metric to flow,nan,nan,nan,nan
nan,nan,xymon,nan,nan,nan,nan
nan,nan,telecommunication control software,nan,nan,nan,nan
nan,nan,jconsole,nan,nan,nan,nan
nan,nan,jboss operation network,nan,nan,nan,nan
nan,nan,openkbm,nan,nan,nan,nan
nan,nan,joint inter-domain management,nan,nan,nan,nan
nan,nan,arpon,nan,nan,nan,nan
nan,nan,accounting management,nan,nan,nan,nan
nan,nan,gfi network server monitor,nan,nan,nan,nan
nan,nan,network administrator,nan,nan,nan,nan
nan,nan,plink,nan,nan,nan,nan
nan,nan,list of storage area network management system,nan,nan,nan,nan
nan,nan,sparrowiq,nan,nan,nan,nan
nan,nan,aggregate platform,nan,nan,nan,nan
nan,nan,integrated business planning,nan,nan,nan,nan
nan,nan,thousandeyes,nan,nan,nan,nan
nan,nan,in-network management,nan,nan,nan,nan
nan,nan,netconf,nan,nan,nan,nan
nan,nan,user–network interface,nan,nan,nan,nan
nan,nan,eadas,nan,nan,nan,nan
nan,nan,log management,nan,nan,nan,nan
nan,nan,n2rrd,nan,nan,nan,nan
nan,nan,gigamon,nan,nan,nan,nan
nan,nan,telecommunication management network model,nan,nan,nan,nan
nan,nan,nmis,nan,nan,nan,nan
nan,nan,snmp simulator,nan,nan,nan,nan
nan,nan,opsi,nan,nan,nan,nan
nan,nan,verax nm,nan,nan,nan,nan
nan,nan,rmon,nan,nan,nan,nan
nan,nan,rrdtool,nan,nan,nan,nan
nan,nan,sumo logic,nan,nan,nan,nan
nan,nan,java management extension,nan,nan,nan,nan
nan,nan,lancope,nan,nan,nan,nan
nan,nan,isyvmon,nan,nan,nan,nan
nan,nan,window intune,nan,nan,nan,nan
nan,nan,website tracking,nan,nan,nan,nan
nan,nan,ganglion (software),nan,nan,nan,nan
nan,nan,load balancing (computing),nan,nan,nan,nan
nan,nan,remote virtual medium,nan,nan,nan,nan
nan,nan,operation support system,nan,nan,nan,nan
nan,nan,coopnet content distribution system,nan,nan,nan,nan
nan,nan,syslog-ng,nan,nan,nan,nan
nan,nan,passive monitoring,nan,nan,nan,nan
nan,nan,zeno,nan,nan,nan,nan
nan,nan,synthetic monitoring,nan,nan,nan,nan
nan,nan,element management system,nan,nan,nan,nan
nan,nan,network information service,nan,nan,nan,nan
nan,nan,network traffic measurement,nan,nan,nan,nan
nan,nan,network-to-network interface,nan,nan,nan,nan
nan,nan,desktop management interface,nan,nan,nan,nan
nan,nan,netcrunch,nan,nan,nan,nan
nan,nan,simple network management protocol,nan,nan,nan,nan
nan,nan,syslog,nan,nan,nan,nan
nan,nan,object identifier,nan,nan,nan,nan
nan,nan,management information base,nan,nan,nan,nan
nan,nan,agent extensibility protocol,nan,nan,nan,nan
nan,nan,op5 monitor,nan,nan,nan,nan
nan,nan,common management information service,nan,nan,nan,nan
nan,nan,fault management,nan,nan,nan,nan
nan,nan,opennms,nan,nan,nan,nan
nan,nan,opsview,nan,nan,nan,nan
nan,nan,managed object,nan,nan,nan,nan
nan,nan,mediation function,nan,nan,nan,nan
nan,nan,security management,nan,nan,nan,nan
nan,nan,organizationally unique identifier,nan,nan,nan,nan
nan,nan,terry child,nan,nan,nan,nan
nan,nan,pragma system,nan,nan,nan,nan
nan,nan,hp business service management,nan,nan,nan,nan
nan,nan,monitorix,nan,nan,nan,nan
nan,nan,sciencelogic,nan,nan,nan,nan
nan,nan,netlabs,nan,nan,nan,nan
nan,nan,nimsoft,nan,nan,nan,nan
nan,nan,extromatica network monitor,nan,nan,nan,nan
nan,nan,paessler,nan,nan,nan,nan
nan,nan,intorel,nan,nan,nan,nan
nan,nan,netgear nsdp,nan,nan,nan,nan
nan,nan,argus (monitoring software),nan,nan,nan,nan
nan,nan,bisection bandwidth,nan,nan,nan,nan
nan,nan,common management information protocol,nan,nan,nan,nan
nan,nan,loop management system,nan,nan,nan,nan
nan,nan,management agent,nan,nan,nan,nan
nan,nan,capacity management,nan,nan,nan,nan
nan,nan,network element,nan,nan,nan,nan
nan,nan,fcaps,nan,nan,nan,nan
nan,nan,enterprise project management,nan,nan,nan,nan
nan,nan,it network assurance,nan,nan,nan,nan
nan,nan,admon,nan,nan,nan,nan
nan,nan,bipartite network projection,nan,nan,nan,nan
nan,nan,system center advisor,nan,nan,nan,nan
nan,nan,out-of-band infrastructure,nan,nan,nan,nan
nan,nan,collisionless,nan,nan,nan,nan
nan,nan,web-based enterprise management,nan,nan,nan,nan
nan,nan,comparison of network monitoring system,nan,nan,nan,nan
nan,nan,window management instrumentation,nan,nan,nan,nan
nan,nan,iphost network monitor,nan,nan,nan,nan
nan,nan,basen,nan,nan,nan,nan
nan,nan,freenats,nan,nan,nan,nan
nan,nan,big sister (software),nan,nan,nan,nan
nan,nan,snmptt,nan,nan,nan,nan
nan,nan,telecommunication management network,nan,nan,nan,nan
nan,nan,desktop and mobile architecture for system hardware,nan,nan,nan,nan
nan,nan,rollover cable,nan,nan,nan,nan
nan,nan,rsyslog,nan,nan,nan,nan
nan,nan,packettrap,nan,nan,nan,nan
nan,nan,zyrion traverse,nan,nan,nan,nan
nan,nan,technical assistance center,nan,nan,nan,nan
nan,nan,ca spectrum,nan,nan,nan,nan
nan,nan,packetfence,nan,nan,nan,nan
nan,nan,sflow,nan,nan,nan,nan
nan,nan,etherape,nan,nan,nan,nan
nan,nan,oracle enterprise manager ops center,nan,nan,nan,nan
nan,nan,shinken (software),nan,nan,nan,nan
nan,nan,hp openview,nan,nan,nan,nan
nan,nan,accelops,nan,nan,nan,nan
nan,nan,netcat,nan,nan,nan,nan
nan,nan,big brother (software),nan,nan,nan,nan
nan,nan,network management,nan,nan,nan,nan
nan,nan,private enterprise number,nan,nan,nan,nan
nan,nan,distributed management task force,nan,nan,nan,nan
nan,nan,sipnms,nan,nan,nan,nan
nan,nan,multi router traffic grapher,nan,nan,nan,nan
nan,nan,terminal server,nan,nan,nan,nan
nan,nan,dhyan network management system,nan,nan,nan,nan
nan,nan,cactus (software),nan,nan,nan,nan
nan,nan,observium,nan,nan,nan,nan
nan,nan,zabbix,nan,nan,nan,nan
nan,nan,information security operation center,nan,nan,nan,nan
nan,nan,ip flow information export,nan,nan,nan,nan
nan,nan,panorama9,nan,nan,nan,nan
nan,nan,firewall (computing),nan,nan,nan,nan
nan,nan,omnitracker,nan,nan,nan,nan
nan,nan,"ipswitch, inc.",nan,nan,nan,nan
nan,nan,registered state change notification,nan,nan,nan,nan
nan,nan,pathsolutions,nan,nan,nan,nan
nan,nan,argus - audit record generation and utilization system,nan,nan,nan,nan
nan,nan,kaseya network monitor,nan,nan,nan,nan
nan,nan,computersupport.com,nan,nan,nan,nan
nan,nan,route view,nan,nan,nan,nan
nan,nan,"logicmonitor, inc.",nan,nan,nan,nan
nan,nan,autoscaling,nan,nan,nan,nan
nan,nan,intermapper,nan,nan,nan,nan
nan,nan,net-snmp,nan,nan,nan,nan
nan,nan,element management,nan,nan,nan,nan
nan,nan,baselining,nan,nan,nan,nan
nan,nan,fatpipe network,nan,nan,nan,nan
nan,nan,optical performance monitoring,nan,nan,nan,nan
nan,nan,pa server monitor,nan,nan,nan,nan
nan,nan,rancid (software),nan,nan,nan,nan
nan,nan,policy-based management,nan,nan,nan,nan
nan,nan,hp operation manager,nan,nan,nan,nan
nan,nan,jumpnode,nan,nan,nan,nan
nan,nan,cisco prime,nan,nan,nan,nan
nan,nan,mimic simulator,nan,nan,nan,nan
nan,nan,cleo (company),nan,nan,nan,nan
nan,nan,dataprobe,nan,nan,nan,nan
nan,nan,aiscaler,nan,nan,nan,nan
nan,nan,plixer international,nan,nan,nan,nan
nan,nan,national network management centre,nan,nan,nan,nan
nan,nan,appviewx,nan,nan,nan,nan
nan,nan,network management application,nan,nan,nan,nan
nan,nan,metafor software,nan,nan,nan,nan
nan,nan,network management station,nan,nan,nan,nan
nan,nan,digital data system,nan,nan,nan,nan
nan,nan,in-band signaling,nan,nan,nan,nan
nan,nan,total network monitor,nan,nan,nan,nan
nan,nan,network operation center,nan,nan,nan,nan
nan,nan,oamp,nan,nan,nan,nan
nan,nan,transaction language 1,nan,nan,nan,nan
nan,nan,network load balancing service,nan,nan,nan,nan
nan,nan,network monitoring,nan,nan,nan,nan
nan,nan,ws-management,nan,nan,nan,nan
nan,nan,bidirectional forwarding detection,nan,nan,nan,nan
nan,nan,guideline for the definition of managed object,nan,nan,nan,nan
nan,nan,ibm director,nan,nan,nan,nan
nan,nan,nis+,nan,nan,nan,nan
nan,nan,structure of management information,nan,nan,nan,nan
nan,nan,telecommunication system management,nan,nan,nan,nan
nan,nan,assistant secretary of defense for network and information integration,nan,nan,nan,nan
nan,nan,alarm filtering,nan,nan,nan,nan
nan,nan,noc at georgia state university,nan,nan,nan,nan
nan,nan,transposition-driven scheduling,nan,nan,nan,nan
nan,nan,network resource planning,nan,nan,nan,nan
nan,nan,rrd editor,nan,nan,nan,nan
nan,nan,autonomic networking,nan,nan,nan,nan
nan,nan,raritan inc.,nan,nan,nan,nan
nan,nan,open grid forum,nan,nan,nan,nan
nan,nan,procurve product,nan,nan,nan,nan
nan,nan,avaya unified communication management,nan,nan,nan,nan
